index,year,primary deficit,debt,MPC,consumption,assets,assets_chg,debt_chg,foreign_capital,income,savings_rate,debt_to_earnings
0,2026.0,0.06,0.0,0.25,1.0630182217443005,3.5,0.0,0.0,0.0,1.0830182217443007,0.018466909972935076,0.0
1,2027.0,0.06,0.0594059405940594,0.25,1.0630182217443005,3.4851485148514856,-0.01485148514851442,0.0594059405940594,0.01485148514851442,1.0827211920413304,0.01819763983734589,0.054867255790991956
2,2028.0,0.06,0.11940005881776296,0.25,1.0630182217443005,3.47014998529556,-0.029850014704440042,0.11940005881776296,0.029850014704440042,1.0824212214502118,0.017925553676705872,0.1103083129299632
3,2029.0,0.06,0.17998817821199825,0.25,1.0630182217443005,3.4550029554470014,-0.04499704455299858,0.17998817821199825,0.04499704455299858,1.0821182808532408,0.017650620497678012,0.16632948670830988
4,2030.0,0.06,0.24117617997647348,0.25,1.0630182217443005,3.439705955005883,-0.06029404499411717,0.24117617997647348,0.06029404499411717,1.0818123408444182,0.01737280893417044,0.2229371683708297
5,2031.0,0.06,0.30297000354059694,0.25,1.0630182217443005,3.424257499114852,-0.075742500885148,0.30297000354059694,0.075742500885148,1.0815033717265976,0.017092087242211694,0.28013782616036753
6,2032.0,0.06,0.3653756471400088,0.25,1.0630182217443005,3.4086560882149994,-0.09134391178500056,0.3653756471400088,0.09134391178500056,1.0811913435086007,0.016808423294739066,0.3379380063794437
7,2033.0,0.06,0.4283991683988208,0.25,1.0630182217443005,3.3929002079002966,-0.10709979209970344,0.4283991683988208,0.10709979209970344,1.0808762259023066,0.016521784576303707,0.39634433446919115
8,2034.0,0.06,0.492046684917621,0.25,1.0630182217443005,3.376988328770597,-0.12301167122940315,0.492046684917621,0.12301167122940315,1.0805579883197125,0.01623213817768972,0.4553635161059358
9,2035.0,0.06,0.5563243748673004,0.25,1.0630182217443005,3.360918906283177,-0.1390810937168232,0.5563243748673004,0.1390810937168232,1.0802365998699641,0.0159394507904438,0.5150023383157626
10,2036.0,0.06,0.6212384775887588,0.25,1.0630182217443005,3.344690380602812,-0.15530961939718813,0.6212384775887588,0.15530961939718813,1.0799120293563569,0.015643688701315182,0.575267670607416
11,2037.0,0.06,0.6867952941985485,0.25,1.0630182217443005,3.3283011764503647,-0.17169882354963528,0.6867952941985485,0.17169882354963528,1.079584245273308,0.015344817786604166,0.6361664661238912
12,2038.0,0.06,0.7530011882005143,0.25,1.0630182217443005,3.3117497029498737,-0.1882502970501263,0.7530011882005143,0.1882502970501263,1.0792532158032981,0.01504280350641697,0.6977057628130842
13,2039.0,0.06,0.8198625861034896,0.25,1.0630182217443005,3.2950343534741298,-0.20496564652587024,0.8198625861034896,0.20496564652587024,1.0789189088137832,0.014737610898825259,0.759892684617871
14,2040.0,0.06,0.8873859780451084,0.25,1.0630182217443005,3.278153505488725,-0.2218464945112748,0.8873859780451084,0.2218464945112748,1.0785812918540751,0.014429204573928607,0.822734442686
15,2041.0,0.06,0.9555779184217926,0.25,1.0630182217443005,3.261105520394554,-0.23889447960544619,0.9555779184217926,0.23889447960544619,1.0782403321521918,0.014117548707816995,0.8862383366001879
16,2042.0,0.06,1.0244450265249787,0.25,1.0630182217443005,3.2438887433687578,-0.25611125663124223,1.0244450265249787,0.25611125663124223,1.077895996611676,0.013802607036433117,0.9504117556288193
17,2043.0,0.06,1.093993987183642,0.25,1.0630182217443005,3.2265015032040916,-0.27349849679590843,1.093993987183642,0.27349849679590843,1.0775482518083825,0.013484342849331522,1.0152621799976562
18,2044.0,0.06,1.164231551413183,0.25,1.0630182217443005,3.208942112146706,-0.2910578878532939,1.164231551413183,0.2910578878532939,1.0771970639872348,0.013162718983332036,1.0807971821829803
19,2045.0,0.06,1.2351645370707394,0.25,1.0630182217443005,3.191208865732317,-0.308791134267683,1.2351645370707394,0.308791134267683,1.076842399058947,0.012837697816066244,1.1470244282265911
20,2046.0,0.06,1.3067998295169845,0.25,1.0630182217443005,3.173300042620756,-0.32669995737924395,1.3067998295169845,0.32669995737924395,1.0764842225967157,0.012509241259414173,1.2139516790731006
21,2047.0,0.06,1.3791443822844793,0.25,1.0630182217443005,3.1552139044288823,-0.3447860955711177,1.3791443822844793,0.3447860955711177,1.0761224998328782,0.01217731075283048,1.2815867919299713
22,2048.0,0.06,1.4522052177526426,0.25,1.0630182217443005,3.1369486955618417,-0.36305130443815825,1.4522052177526426,0.36305130443815825,1.0757571956555374,0.011841867256555155,1.3499377216507558
23,2049.0,0.06,1.5259894278294015,0.25,1.0630182217443005,3.1185026430426523,-0.38149735695734766,1.5259894278294015,0.38149735695734766,1.0753882746051537,0.011502871244709365,1.419012522142008
24,2050.0,0.06,1.6005041746395936,0.25,1.0630182217443005,3.0998739563401045,-0.40012604365989546,1.6005041746395936,0.40012604365989546,1.0750157008711028,0.011160282698271769,1.4888193477943428
25,2051.0,0.052324243308779814,1.6757566912201838,0.25,1.0610992825714956,3.0810608271949573,-0.41893917280504267,1.6757566912201838,0.41893917280504267,1.0746394382881999,0.012599719714616566,1.5593664549381396
26,2052.0,0.04534766445477968,1.7441545231221458,0.25,1.0593551378579955,3.0639613692194674,-0.4360386307805326,1.7441545231221458,0.4360386307805326,1.07429744912869,0.013908914409890425,1.623530358874764
27,2053.0,0.03900657595183699,1.8063220574647212,0.25,1.0577698657322598,3.0484194856338243,-0.45158051436617574,1.8063220574647212,0.45158051436617574,1.0739866114569772,0.01509957903731926,1.6818850795674753
28,2054.0,0.03324309155015245,1.8628268065008442,0.25,1.0563289946318386,3.034293298374794,-0.4657067016252059,1.8628268065008442,0.4657067016252059,1.0737040877117965,0.016182385145786744,1.7349536318435475
29,2055.0,0.028004597806839168,1.9141845882980333,0.25,1.0550193711960103,3.0214538529254966,-0.4785461470745034,1.9141845882980333,0.4785461470745034,1.0734472988028105,0.017167053871533746,1.7832124506092442
30,2056.0,0.023243273790639573,1.9608642355156765,0.25,1.0538290401919606,3.009783941121086,-0.49021605887891395,1.9608642355156765,0.49021605887891395,1.0732139005667225,0.018062438778071694,1.8270954508511494
31,2057.0,0.018915654536311624,2.0032918752639897,0.25,1.0527471353783786,2.999177031184008,-0.5008229688159922,2.0032918752639897,0.5008229688159922,1.0730017623679808,0.018876601791317473,1.8669977492329322
32,2058.0,0.014982234263566024,2.041854819114437,0.25,1.051763780310192,2.989536295221396,-0.510463704778604,2.041854819114437,0.510463704778604,1.0728089476487286,0.019616882749403965,1.903279072745956
33,2059.0,0.011407105738436854,2.076905098772566,0.25,1.0508699981789098,2.980773725306864,-0.519226274693136,2.076905098772566,0.519226274693136,1.072633696250438,0.02028996305785152,1.9362668784625348
34,2060.0,0.00815763248490361,2.1087626796895584,0.25,1.0500576298655264,2.972809330077616,-0.5271906699223838,2.1087626796895584,0.5271906699223838,1.072474408345853,0.020901923911547216,1.9662592070071305
35,2061.0,0.005204150854464483,2.1377183819487655,0.25,1.0493192594579168,2.965570404512815,-0.5344295954871852,2.1377183819487655,0.5344295954871852,1.072329629834557,0.021458299515784474,1.9935272909306634
36,2062.0,0.002519699233926742,2.1640365350912925,0.25,1.0486481465527824,2.958990866227183,-0.5410091337728171,2.1640365350912925,0.5410091337728171,1.0721980390688444,0.021964125709942547,2.0183179377670384
37,2063.0,7.97719194181811e-05,2.1879573911158863,0.25,1.0480381647241552,2.953010652221035,-0.5469893477789651,2.1879573911158863,0.5469893477789651,1.0720784347887213,0.022423984369486748,2.0408557061844785
38,2064.0,-0.002137904590204451,2.2096993176808137,0.25,1.0474837455967494,2.947575170579803,-0.5524248294201972,2.2096993176808137,0.5524248294201972,1.0719697251558968,0.02284204393513673,2.0613448923284254
39,2065.0,-0.004153574922712943,2.2294607915289366,0.25,1.0469798280136224,2.9426348021177726,-0.5573651978822274,2.2294607915289366,0.5573651978822274,1.071870917786656,0.023222096392382915,2.0799713421954094
40,2066.0,-0.005985639640775116,2.247422210333468,0.25,1.0465218118341069,2.9381444474166405,-0.5618555525833595,2.247422210333468,0.5618555525833595,1.0717811106926334,0.023567591000183623,2.0969041046833548
41,2067.0,-0.007650823216201924,2.263747539504319,0.25,1.0461055159402501,2.9340631151239283,-0.5659368848760717,2.263747539504319,0.5659368848760717,1.0716994840467793,0.02388166504464975,2.112296938836174
42,2068.0,-0.009164326703570052,2.27858580898832,0.25,1.045727140068408,2.9303535477529277,-0.5696464522470723,2.27858580898832,0.5696464522470723,1.0716252926993592,0.024167171871909917,2.126289687740292
43,2069.0,-0.01053996650694029,2.2920724737272438,0.25,1.0453832301175656,2.9269818815681967,-0.5730181184318033,2.2920724737272438,0.5730181184318033,1.0715578593756647,0.024426706434078658,2.1390095305378125
44,2070.0,-0.01179030050643918,2.3043306501929193,0.25,1.045070646617691,2.9239173374517775,-0.5760826625482225,2.3043306501929193,0.5760826625482225,1.0714965684933362,0.0246626285633407,2.1505721230942516
45,2071.0,-0.012926742696082726,2.315472240287464,0.25,1.04478653607028,2.9211319399281415,-0.5788680600718585,2.315472240287464,0.5788680600718585,1.0714408605428636,0.02487708417156947,2.1610826369962135
46,2072.0,-0.0139596673793429,2.325598952868446,0.25,1.044528304899465,2.9186002617828963,-0.5813997382171037,2.325598952868446,0.5813997382171037,1.0713902269799587,0.025072024556554256,2.1706367057536626
47,2073.0,-0.01489850387363284,2.3348032322242305,0.25,1.0442935957758923,2.9162991919439505,-0.5837008080560495,2.3348032322242305,0.5837008080560495,1.0713442055831797,0.025249223980786377,2.179321286339804
48,2074.0,-0.015751822588244885,2.343169101975329,0.25,1.0440802660972395,2.9142077245061766,-0.5857922754938234,2.343169101975329,0.5857922754938234,1.0713023762344243,0.02541029567475541,2.1872154435160076
49,2075.0,-0.01652741326152593,2.3507729321055355,0.25,1.043886368428919,2.9123067669736247,-0.5876932330263753,2.3507729321055355,0.5876932330263753,1.0712643570837732,0.02555670640380806,2.194391063756548
50,2076.0,-0.017232356071498207,2.3576841361248713,0.25,1.043710132726426,2.910578965968791,-0.5894210340312092,2.3576841361248713,0.5894210340312092,1.0712298010636765,0.0256897897257198,2.2009135050050057
51,2077.0,-0.017873086269076972,2.3639658047285845,0.25,1.0435499501770313,2.9090085488178627,-0.5909914511821373,2.3639658047285845,0.5909914511821373,1.0711983927206579,0.02581075805519488,2.206842187957846
52,2078.0,-0.018455452923905987,2.369675281736712,0.25,1.0434043585133241,2.907581179565831,-0.5924188204341689,2.369675281736712,0.5924188204341689,1.0711698453356173,0.02592071364144287,2.2122311340777605
53,2079.0,-0.018984772319087212,2.3748646875718222,0.25,1.0432720286645287,2.906283828107054,-0.5937161718929458,2.3748646875718222,0.5937161718929458,1.0711438983064419,0.02602065855575579,2.2171294550869027
54,2080.0,-0.019465876482232126,2.379581395053635,0.25,1.0431517526237426,2.9051046512366017,-0.5948953487633983,2.379581395053635,0.5948953487633983,1.0711203147690327,0.026111503777538746,2.2215817982751527
55,2081.0,-0.01990315729586285,2.3838684618539365,0.25,1.043042432420335,2.9040328845365266,-0.5959671154634734,2.3838684618539365,0.5959671154634734,1.0710988794350311,0.026194077459491944,2.22562875157833
56,2082.0,-0.020300606589836123,2.387765023559557,0.25,1.0429430700968416,2.903058744110122,-0.5969412558898779,2.387765023559557,0.5969412558898779,1.071079396626503,0.026269132445531404,2.22930721203313
57,2083.0,-0.020661852581784105,2.3913066509315954,0.25,1.0428527585988545,2.9021733372671124,-0.5978266627328876,2.3913066509315954,0.5978266627328876,1.071061688489643,0.026337353108547082,2.2326507208970336
58,2084.0,-0.020990192998227915,2.3945256746222205,0.25,1.0427706734947435,2.9013685813444563,-0.5986314186555437,2.3945256746222205,0.5986314186555437,1.0710455933711898,0.026399361569145716,2.2356897684301993
59,2085.0,-0.021288625178718427,2.397451480313304,0.25,1.042696065449621,2.9006371299216855,-0.5993628700783145,2.397451480313304,0.5993628700783145,1.0710309643427345,0.026455723351100326,2.2384520710701965
60,2086.0,-0.021559873437817723,2.40011077697114,0.25,1.042628253384846,2.899972305757226,-0.6000276942427738,2.40011077697114,0.6000276942427738,1.0710176678594452,0.026506952524264767,2.240962823487351
61,2087.0,-0.021806413934702035,2.4025278406660844,0.25,1.042566618260625,2.8993680398334902,-0.6006319601665098,2.4025278406660844,0.6006319601665098,1.0710055825409706,0.026553516381188073,2.2432449277865247
62,2088.0,-0.022030497277414705,2.4047247361828754,0.25,1.042510597424947,2.898818815954293,-0.6011811840457071,2.4047247361828754,0.6011811840457071,1.0709945980633866,0.026595839689523698,2.2453192019186563
63,2089.0,-0.022234169068117905,2.4067215184446713,0.25,1.0424596794772711,2.8983196203888437,-0.6016803796111563,2.4067215184446713,0.6016803796111563,1.0709846141520776,0.026634308558569034,2.247204569180601
64,2090.0,-0.022419288576895666,2.4085364155895514,0.25,1.0424133996000766,2.897865896102624,-0.602134103897376,2.4085364155895514,0.602134103897376,1.0709755396663532,0.026669273954823162,2.2489182305133655
65,2091.0,-0.02258754571457684,2.41018599537074,0.25,1.0423713353156563,2.897453501157328,-0.6025464988426719,2.41018599537074,0.6025464988426719,1.0709672917674473,0.026701054898323102,2.250475821155231
66,2092.0,-0.022740476459518738,2.4116853163995824,0.25,1.042333102629421,2.897078670900118,-0.6029213290998818,2.4116853163995824,0.6029213290998818,1.070959795162303,0.026729941368661594,2.2518915530662786
67,2093.0,-0.022879476879178802,2.413048065611936,0.25,1.042298352524506,2.8967379835970304,-0.6032620164029696,2.413048065611936,0.6032620164029696,1.0709529814162413,0.02675619694698649,2.253178344413302
68,2094.0,-0.02300581587447379,2.4142866832128673,0.25,1.042266767775682,2.896428329196798,-0.603571670803202,2.4142866832128673,0.603571670803202,1.0709467883282366,0.026780061217910284,2.2543479372879056
69,2095.0,-0.02312064676326666,2.4154124762402485,0.25,1.042238060053484,2.8961468809399533,-0.6038531190600467,2.4154124762402485,0.6038531190600467,1.0709411593630997,0.026801751953100608,2.255411004724779
70,2096.0,-0.023225017808723943,2.416435721783947,0.25,1.0422119672921195,2.8958910695540285,-0.6041089304459715,2.416435721783947,0.6041089304459715,1.0709360431353812,0.02682146709636004,2.2563772479907804
71,2097.0,-0.02331988178865442,2.4173657608028734,0.25,1.042188251297137,2.8956585597992976,-0.6043414402007024,2.4173657608028734,0.6043414402007024,1.0709313929402866,0.02683938656820408,2.2572554850277524
72,2098.0,-0.02340610469318529,2.4182110833963133,0.25,1.0421666955710043,2.895447229150937,-0.6045527708490628,2.4182110833963133,0.6045527708490628,1.0709271663273194,0.02685567390632873,2.2580537308521396
73,2099.0,-0.023484473630174738,2.418979406307974,0.25,1.0421471033367569,2.895255148423022,-0.604744851576978,2.418979406307974,0.604744851576978,1.0709233247127612,0.026870477756867024,2.2587792706417926
74,2100.0,-0.02355570401052752,2.419677743370256,0.25,1.0421292957416688,2.895080564157452,-0.604919435842548,2.419677743370256,0.604919435842548,1.0709198330274496,0.02688393322998893,2.2594387261742264
75,2101.0,-0.023620446079006582,2.4203124695318157,0.25,1.0421131102245489,2.8949218826170626,-0.6050781173829374,2.4203124695318157,0.6050781173829374,1.070916659396642,0.026896163132172267,2.2600381162203864
76,2102.0,-0.02367929085015884,2.4208893790529165,0.25,1.042098399031761,2.894777655236788,-0.6052223447632121,2.4208893790529165,0.6052223447632121,1.0709137748490365,0.026907279086346214,2.2605829114432505
77,2103.0,-0.023732775503542775,2.421413738399818,0.25,1.0420850278684148,2.894646565400063,-0.605353434599937,2.421413738399818,0.605353434599937,1.070911153052302,0.02691738255010892,2.261078084300761
78,2104.0,-0.02378138828750956,2.421890334321061,0.25,1.0420728746724233,2.8945274164197525,-0.6054725835802475,2.421890334321061,0.6054725835802475,1.0709087700726958,0.026926565741276998,2.261528154407268
79,2105.0,-0.02382557297630313,2.422323517544527,0.25,1.0420618285002248,2.894419120613886,-0.6055808793861139,2.422323517544527,0.6055808793861139,1.0709066041565785,0.026934912479199033,2.2619372297664495
80,2106.0,-0.023865732921166987,2.4227172424941723,0.25,1.0420517885140088,2.8943206893764746,-0.6056793106235254,2.4227172424941723,0.6056793106235254,1.0709046355318301,0.026942498949490943,2.2623090442511793
81,2107.0,-0.023902234732439288,2.4230751033889986,0.25,1.0420426630611908,2.894231224152769,-0.6057687758472312,2.4230751033889986,0.6057687758472312,1.070902846227356,0.02694939439916114,2.26264699167171
82,2108.0,-0.02393541162624916,2.423400367053801,0.25,1.0420343688377383,2.8941499082365683,-0.6058500917634317,2.423400367053801,0.6058500917634317,1.070901219909032,0.026955661768455007,2.2629541567425404
83,2109.0,-0.02396556646636546,2.4236960027412153,0.25,1.0420268301277091,2.8940759993147154,-0.6059240006852846,2.4236960027412153,0.6059240006852846,1.070899741730595,0.026961358265178644,2.2632333432301284
84,2110.0,-0.023992974528966215,2.423964709237301,0.25,1.042019978112059,2.894008822690694,-0.6059911773093059,2.423964709237301,0.6059911773093059,1.0708983981981146,0.026966535886734245,2.2634870995379632
85,2111.0,-0.024017886015567695,2.4242089394981003,0.25,1.0420137502404088,2.8939477651254952,-0.6060522348745048,2.4242089394981003,0.6060522348745048,1.0708971770468105,0.02697124189462611,2.2637177419622
86,2112.0,-0.024040528337053,2.424430923042074,0.25,1.0420080896600374,2.893892269239502,-0.6061077307604981,2.424430923042074,0.6061077307604981,1.0708960671290908,0.02697551924576362,2.263927375829854
87,2113.0,-0.024061108189650533,2.424632686302834,0.25,1.042002944696888,2.8938418284243124,-0.6061581715756876,2.424632686302834,0.6061581715756876,1.070895058312787,0.026979406984489272,2.264117914712281
88,2114.0,-0.02407981344181344,2.4248160711279607,0.25,1.0419982683838471,2.893795982218031,-0.6062040177819692,2.4248160711279607,0.6062040177819692,1.0708941413886612,0.02698294059891293,2.264291097889122
89,2115.0,-0.024096814849224872,2.4249827515927787,0.25,1.0419940180319944,2.8937543121018265,-0.6062456878981735,2.4249827515927787,0.6062456878981735,1.0708933079863372,0.026986152344796868,2.2644485062219823
90,2116.0,-0.024112267613584967,2.425134249282584,0.25,1.0419901548409043,2.893716437679376,-0.6062835623206242,2.425134249282584,0.6062835623206242,1.0708925504978881,0.026989071539947018,2.264591576582609
91,2117.0,-0.024126312799409293,2.425271947182823,0.25,1.0419866435444483,2.8936820132043164,-0.6063179867956836,2.425271947182823,0.6063179867956836,1.070891862008387,0.026991724831794732,2.2647216149671596
92,2118.0,-0.024139078621772392,2.4253971023040295,0.25,1.0419834520888576,2.893650724424015,-0.606349275575985,2.4253971023040295,0.606349275575985,1.070891236232781,0.026994136440612018,2.264839808416191
93,2119.0,-0.02415068161675192,2.4255108571567696,0.25,1.0419805513401126,2.8936222857108307,-0.6063777142891693,2.4255108571567696,0.6063777142891693,1.0708906674585172,0.026996328380576296,2.264947235849103
94,2120.0,-0.024161227705258068,2.4256142501813396,0.25,1.0419779148179862,2.893596437454688,-0.6064035625453119,2.4256142501813396,0.6064035625453119,1.0708901504933945,0.026998320660702242,2.2650448779118744
95,2121.0,-0.024170813159959694,2.4257082252274342,0.25,1.0419755184543107,2.8935729436931648,-0.6064270563068352,2.4257082252274342,0.6064270563068352,1.070889680618164,0.02700013146747556,2.265133625927939
96,2122.0,-0.024179525484134046,2.42579364017032,0.25,1.0419733403732672,2.893551589957444,-0.6064484100425558,2.42579364017032,0.6064484100425558,1.0708892535434495,0.027001777330851857,2.2652142900338643
97,2123.0,-0.024187444210462813,2.4258712747421707,0.25,1.041971360691685,2.893532181314482,-0.6064678186855179,2.4258712747421707,0.6064678186855179,1.0708888653705904,0.027003273275138837,2.2652876065740744
98,2124.0,-0.024194641627066582,2.425941837650051,0.25,1.041969561337534,2.8935145405875127,-0.6064854594124873,2.425941837650051,0.6064854594124873,1.070888512556051,0.02700463295613457,2.2653542448220776
99,2125.0,-0.024201183437405453,2.4260059730455303,0.25,1.0419679258849492,2.893498506738643,-0.6065014932613568,2.4260059730455303,0.6065014932613568,1.0708881918790736,0.027005868785777088,2.265414813089543
100,2126.0,-0.024207129360069895,2.426064266404986,0.25,1.0419664394042831,2.89348393339878,-0.6065160666012201,2.426064266404986,0.6065160666012201,1.0708879004122762,0.02700699204544075,2.2654698642789657
101,2127.0,-0.024212533673937178,2.426117249874273,0.25,1.0419650883258162,2.8934706875314586,-0.6065293124685414,2.426117249874273,0.6065293124685414,1.07088763549493,0.027008012988913272,2.2655199009305953
102,2128.0,-0.024217445713670016,2.4261654071265553,0.25,1.0419638603158832,2.8934586482183886,-0.6065413517816114,2.4261654071265553,0.6065413517816114,1.0708873947086683,0.027008940935992366,2.2655653798096917
103,2129.0,-0.024221910320080656,2.4262091777776402,0.25,1.0419627441642805,2.8934477055556176,-0.6065522944443824,2.4262091777776402,0.6065522944443824,1.070887175855413,0.027009784357561333,2.265606716075959
104,2130.0,-0.02422596824947171,2.4262489613991214,0.25,1.0419617296819326,2.8934377596502476,-0.6065622403497524,2.4262489613991214,0.6065622403497524,1.0708869769373057,0.027010550952910283,2.2656442870732234
105,2131.0,-0.024229656545690512,2.4262851211659724,0.25,1.041960807607878,2.8934287197085355,-0.6065712802914645,2.4262851211659724,0.6065712802914645,1.0708867961384714,0.02701124772001875,2.2656784357739346
106,2132.0,-0.024233008878293345,2.426317987171883,0.25,1.0419599695247272,2.8934205032070586,-0.6065794967929414,2.426317987171883,0.6065794967929414,1.0708866318084418,0.027011881019436322,2.2657094739099315
107,2133.0,-0.02423605584990661,2.426347859442601,0.25,1.041959207781824,2.8934130351393796,-0.6065869648606204,2.426347859442601,0.6065869648606204,1.0708864824470883,0.027012456632342925,2.2657376848180406
108,2134.0,-0.024238825275590747,2.426375010674798,0.25,1.041958515425403,2.893406247331331,-0.6065937526686689,2.426375010674798,0.6065937526686689,1.0708863466909273,0.027012979813322163,2.2657633260264953
109,2135.0,-0.024241342436757123,2.4263996887254486,0.25,1.0419578861351113,2.8934000778186686,-0.6065999221813314,2.4263996887254486,0.6065999221813314,1.070886223300674,0.027013455338327202,2.265786631605761
110,2136.0,-0.024243630311955866,2.4264221188744557,0.25,1.0419573141663117,2.893394470281417,-0.6066055297185828,2.4264221188744557,0.6066055297185828,1.070886111149929,0.02701388754827844,2.2658078143052367
111,2137.0,-0.024245709786641458,2.426442505881177,0.25,1.0419567942976402,2.8933893735297374,-0.6066106264702626,2.426442505881177,0.6066106264702626,1.0708860092148955,0.027014280388688933,2.2658270674953425
112,2138.0,-0.024247599843830934,2.426461035853623,0.25,1.041956321783343,2.893384741036627,-0.6066152589633731,2.426461035853623,0.6066152589633731,1.0708859165650333,0.02701463744568115,2.2658445669326976
113,2139.0,-0.02424931773739523,2.4264778779473906,0.25,1.041955892309952,2.8933805305131854,-0.6066194694868146,2.4264778779473906,0.6066194694868146,1.0708858323545645,0.027014961978723828,2.265860472364525
114,2140.0,-0.024250879149565554,2.4264931859098446,0.25,1.0419555019569091,2.8933767035225717,-0.6066232964774283,2.4264931859098446,0.6066232964774283,1.0708857558147522,0.027015256950385293,2.26587492898691
115,2141.0,-0.024252298334092637,2.4265070994836395,0.25,1.0419551471607775,2.893373225129123,-0.6066267748708771,2.4265070994836395,0.6066267748708771,1.0708856862468832,0.027015525053377152,2.2658880687702365
116,2142.0,-0.024253588246365768,2.4265197456823957,0.25,1.041954824682709,2.893370063579434,-0.6066299364205658,2.4265197456823957,0.6066299364205658,1.0708856230158894,0.02701576873513698,2.2659000116638897
117,2143.0,-0.024254760661679368,2.4265312399501764,0.25,1.0419545315788807,2.8933671900124893,-0.6066328099875107,2.4265312399501764,0.6066328099875107,1.0708855655445504,0.027015990220167065,2.2659108666912267
118,2144.0,-0.024255826282726777,2.426541687215347,0.25,1.0419542651736189,2.893364578196197,-0.6066354218038028,2.426541687215347,0.6066354218038028,1.0708855133082247,0.02701619153034404,2.2659207329448057
119,2145.0,-0.02425679483730254,2.426551182848443,0.25,1.0419540230349749,2.8933622042879237,-0.6066377957120763,2.426551182848443,0.6066377957120763,1.070885465830059,0.027016374503373252,2.265929700490974
120,2146.0,-0.02425767516710507,2.4265598135327817,0.25,1.0419538029525244,2.8933600466168397,-0.6066399533831603,2.4265598135327817,0.6066399533831603,1.0708854226766376,0.027016540809566433,2.265937851192042
121,2147.0,-0.024258475308450336,2.426567658055775,0.25,1.041953602917188,2.8933580854860916,-0.6066419145139084,2.426567658055775,0.6066419145139084,1.0708853834540224,0.027016691967088072,2.2659452594535834
122,2148.0,-0.02425920256563346,2.4265747880281587,0.25,1.0419534211028922,2.893356302992996,-0.6066436970070042,2.4265747880281587,0.6066436970070042,1.0708853478041607,0.02701682935581577,2.2659519929036525
123,2149.0,-0.024259863577607826,2.4265812685377117,0.25,1.0419532558498987,2.8933546828656076,-0.6066453171343924,2.4265812685377117,0.6066453171343924,1.070885315401613,0.02701695422993435,2.265958113010144
124,2150.0,-0.024260464378590467,2.426587158743424,0.25,1.041953105649653,2.8933532103141792,-0.6066467896858208,2.426587158743424,0.6066467896858208,1.0708852859505842,0.027017067729387334,2.26596367564191
125,2151.0,-0.024261010453146967,2.4265925124155463,0.25,1.0419529691310139,2.893351871896149,-0.6066481281038509,2.4265925124155463,0.6066481281038509,1.0708852591822238,0.027017170890281838,2.2659687315787704
126,2152.0,-0.024261506786258717,2.426597378426446,0.25,1.041952845047736,2.8933506553934247,-0.6066493446065753,2.426597378426446,0.6066493446065753,1.0708852348521691,0.02701726465434657,2.2659733269750673
127,2153.0,-0.024261957908829592,2.4266018011967487,0.25,1.0419527322670932,2.8933495497008495,-0.6066504502991505,2.4266018011967487,0.6066504502991505,1.0708852127383177,0.02701734987753025,2.265977503780991
128,2154.0,-0.02426236793904748,2.426605821100846,0.25,1.0419526297595387,2.8933485447248253,-0.6066514552751747,2.426605821100846,0.6066514552751747,1.0708851926387972,0.02701742733781292,2.265981300125535
129,2155.0,-0.02426274061997819,2.4266094748354607,0.25,1.041952536589306,2.893347631291172,-0.6066523687088279,2.4266094748354607,0.6066523687088279,1.0708851743701242,0.02701749774231003,2.2659847506645607
130,2156.0,-0.024263079353735017,2.4266127957546453,0.25,1.041952451905867,2.893346801061376,-0.6066531989386239,2.4266127957546453,0.6066531989386239,1.0708851577655283,0.02701756173372626,2.2659878868971637
131,2157.0,-0.024263387232535776,2.4266158141742604,0.25,1.0419523749361665,2.8933460464564726,-0.6066539535435274,2.4266158141742604,0.6066539535435274,1.07088514267343,0.027017619896223213,2.265990737453218
132,2158.0,-0.024263667066930922,2.4266185576487227,0.25,1.0419523049775679,2.8933453605878574,-0.6066546394121426,2.4266185576487227,0.6066546394121426,1.070885128956058,0.02701767276075161,2.265993328354731
133,2159.0,-0.02426392141146037,2.426621051222541,0.25,1.0419522413914355,2.893344737194403,-0.6066552628055968,2.426621051222541,0.6066552628055968,1.0708851164881887,0.027017720809898244,2.2659956832533914
134,2160.0,-0.024264152587973275,2.4266233176589416,0.25,1.0419521835973073,2.893344170585303,-0.6066558294146969,2.4266233176589416,0.6066558294146969,1.0708851051560067,0.02701776448229183,2.2659978236464786
135,2161.0,-0.024264362706823618,2.4266253776476705,0.25,1.0419521310675948,2.893343655588122,-0.6066563444118782,2.4266253776476705,0.6066563444118782,1.070885094856063,0.027017804176607,2.2659997690731064
136,2162.0,-0.02426455368613512,2.4266272499938615,0.25,1.041952083322767,2.893343187501575,-0.6066568124984251,2.4266272499938615,0.6066568124984251,1.0708850854943321,0.027017840255202975,2.2660015372925884
137,2163.0,-0.024264727269311313,2.4266289517897066,0.25,1.0419520399269728,2.8933427620526144,-0.6066572379473856,2.4266289517897066,0.6066572379473856,1.070885076985353,0.027017873047432493,2.26600314444656
138,2164.0,-0.024264885040950666,2.4266304985704843,0.25,1.041952000484063,2.89334237535742,-0.6066576246425801,2.4266304985704843,0.6066576246425801,1.070885069251449,0.02701790285264728,2.266004605206331
139,2165.0,-0.024265028441311978,2.426631904456379,0.25,1.0419519646339725,2.8933420238859466,-0.6066579761140534,2.426631904456379,0.6066579761140534,1.0708850622220196,0.027017929942932162,2.266005932906814
140,2166.0,-0.02426515877946216,2.4266331822813805,0.25,1.041951932049435,2.8933417044296963,-0.6066582955703037,2.4266331822813805,0.6066582955703037,1.0708850558328946,0.027017954565587313,2.266007139668258
141,2167.0,-0.024265277245226386,2.4266343437104414,0.25,1.041951902432994,2.8933414140724314,-0.6066585859275686,2.4266343437104414,0.6066585859275686,1.0708850500257494,0.027017976945387136,2.2660082365068903
142,2168.0,-0.02426538492004971,2.426635399345964,0.25,1.0419518755142883,2.8933411501635504,-0.6066588498364496,2.426635399345964,0.6066588498364496,1.0708850447475717,0.027017997286630884,2.2660092334354793
143,2169.0,-0.024265482786869328,2.426636358824587,0.25,1.0419518510475834,2.8933409102938947,-0.6066590897061053,2.426636358824587,0.6066590897061053,1.0708850399501786,0.02701801577500914,2.26601013955474
144,2170.0,-0.024265571739087555,2.426637230905158,0.25,1.0419518288095286,2.8933406922737523,-0.6066593077262477,2.426637230905158,0.6066593077262477,1.0708850355897757,0.02701803257929778,2.2660109631364116
145,2171.0,-0.024265652588727486,2.426638023548687,0.25,1.0419518085971187,2.893340494112871,-0.6066595058871291,2.426638023548687,0.6066595058871291,1.0708850316265581,0.027018047852898863,2.2660117116987686
146,2172.0,-0.02426572607384576,2.426638743991023,0.25,1.041951790225839,2.893340314002287,-0.6066596859977129,2.426638743991023,0.6066596859977129,1.0708850280243465,0.027018061735241322,2.266012392075252
147,2173.0,-0.024265792865270093,2.4266393988089088,0.25,1.041951773527983,2.893340150297816,-0.6066598497021838,2.4266393988089088,0.6066598497021838,1.070885024750257,0.02701807435305349,2.2660130104768528
148,2174.0,-0.024265853572723102,2.4266399939800167,0.25,1.0419517583511198,2.8933400015050403,-0.6066599984949597,2.4266399939800167,0.6066599984949597,1.0708850217744015,0.027018085821520595,2.2660135725488053
149,2175.0,-0.02426590875038831,2.426640534937519,0.25,1.0419517445567035,2.893339866265666,-0.606660133734334,2.426640534937519,0.606660133734334,1.070885019069614,0.027018096245335247,2.2660140834221276
0,2026.0,0.06,0.0,0.5,1.0780182217443006,3.5,0.0,0.0,0.0,1.0830182217443007,0.00461672749323382,0.0
1,2027.0,0.06,0.0594059405940594,0.5,1.0780182217443006,3.470297029702971,-0.02970297029702884,0.0594059405940594,0.02970297029702884,1.0824241623383601,0.004070438140018392,0.05488231200024655
2,2028.0,0.06,0.11940005881776296,0.5,1.0780182217443006,3.4402999705911195,-0.05970002940888053,0.11940005881776296,0.05970002940888053,1.081824221156123,0.0035181310765579612,0.1103691861235669
3,2029.0,0.06,0.17998817821199825,0.5,1.0780182217443006,3.4100059108940024,-0.0899940891059976,0.17998817821199825,0.0899940891059976,1.0812183399621806,0.002959733570549642,0.16646792933450794
4,2030.0,0.06,0.24117617997647348,0.5,1.0780182217443006,3.3794119100117648,-0.12058808998823523,0.24117617997647348,0.12058808998823523,1.080606459944536,0.0023951718744751856,0.22318595059005317
5,2031.0,0.06,0.30297000354059694,0.5,1.0780182217443006,3.3485149982297036,-0.15148500177029645,0.30297000354059694,0.15148500177029645,1.0799885217088947,0.001824371208572126,0.28053076255032733
6,2032.0,0.06,0.3653756471400088,0.5,1.0780182217443006,3.3173121764299975,-0.18268782357000246,0.3653756471400088,0.18268782357000246,1.0793644652729006,0.001247255743461635,0.3385099833239639
7,2033.0,0.06,0.4283991683988208,0.5,1.0780182217443006,3.285800415800592,-0.2141995841994082,0.4283991683988208,0.2141995841994082,1.0787342300603124,0.0006637485824212565,0.3971313382489669
8,2034.0,0.06,0.492046684917621,0.5,1.0780182217443006,3.253976657541192,-0.24602334245880808,0.492046684917621,0.24602334245880808,1.0780977548951245,7.377174329762959e-05,0.45640266170991745
9,2035.0,0.06,0.5563243748673004,0.5,1.0780182217443006,3.2218378125663527,-0.2781621874336473,0.5563243748673004,0.2781621874336473,1.0774549779956277,-0.000522753859953096,0.5163318989924031
10,2036.0,0.06,0.6212384775887588,0.5,1.0780182217443006,3.189380761205624,-0.3106192387943758,0.6212384775887588,0.3106192387943758,1.0768058369684133,-0.0011259084361027,0.576927108175568
11,2037.0,0.06,0.6867952941985485,0.5,1.0780182217443006,3.15660235290073,-0.3433976470992701,0.6867952941985485,0.3433976470992701,1.0761502688023152,-0.0017357733358783563,0.6381964620637104
12,2038.0,0.06,0.7530011882005143,0.5,1.0780182217443006,3.1234994058997474,-0.3765005941002526,0.7530011882005143,0.3765005941002526,1.0754882098622955,-0.0023524310715865673,0.7001482501578775
13,2039.0,0.06,0.8198625861034896,0.5,1.0780182217443006,3.09006870694826,-0.40993129305174003,0.8198625861034896,0.40993129305174003,1.0748195958832658,-0.0029759653371468735,0.7627908806684367
14,2040.0,0.06,0.8873859780451084,0.5,1.0780182217443006,3.056307010977451,-0.44369298902254917,0.8873859780451084,0.44369298902254917,1.0741443619638498,-0.0036064610285421062,0.8261328825696274
15,2041.0,0.06,0.9555779184217926,0.5,1.0780182217443006,3.0222110407891094,-0.4777889592108906,0.9555779184217926,0.4777889592108906,1.073462442560083,-0.004244004264697585,0.8901829076971249
16,2042.0,0.06,1.0244450265249787,0.5,1.0780182217443006,2.987777486737517,-0.5122225132624831,1.0244450265249787,0.5122225132624831,1.072773771479051,-0.004888682408798031,0.954949732889684
17,2043.0,0.06,1.093993987183642,0.5,1.0780182217443006,2.9530030064081854,-0.5469969935918146,1.093993987183642,0.5469969935918146,1.0720782818724643,-0.005540584090055186,1.0204422621759488
18,2044.0,0.06,1.164231551413183,0.5,1.0780182217443006,2.9178842242934158,-0.5821157757065842,1.164231551413183,0.5821157757065842,1.071375906230169,-0.006199799225935293,1.0866695290075574
19,2045.0,0.06,1.2351645370707394,0.5,1.0780182217443006,2.882417731464638,-0.617582268535362,1.2351645370707394,0.617582268535362,1.0706665763735934,-0.006866419044860476,1.153640698539698
20,2046.0,0.06,1.3067998295169845,0.5,1.0780182217443006,2.846600085241516,-0.6533999147584839,1.3067998295169845,0.6533999147584839,1.069950223449131,-0.00754053610939151,1.2213650699602983
21,2047.0,0.06,1.3791443822844793,0.5,1.0780182217443006,2.810427808857769,-0.689572191142231,1.3791443822844793,0.689572191142231,1.0692267779214562,-0.008222244339909597,1.2898520788690808
22,2048.0,0.06,1.4522052177526426,0.5,1.0780182217443006,2.7738973911236875,-0.7261026088763125,1.4522052177526426,0.7261026088763125,1.0684961695667745,-0.008911639038806153,1.3591112997077417
23,2049.0,0.06,1.5259894278294015,0.5,1.0780182217443006,2.7370052860853082,-0.7629947139146918,1.5259894278294015,0.7629947139146918,1.0677583274660067,-0.009608816915193307,1.4291524482425384
24,2050.0,0.06,1.6005041746395936,0.5,1.0780182217443006,2.6997479126802126,-0.8002520873197874,1.6005041746395936,0.8002520873197874,1.067013179997905,-0.01031387611015003,1.4999853841006312
25,2051.0,0.052324243308779814,1.6757566912201838,0.5,1.0741803433986905,2.6621216543899178,-0.8378783456100822,1.6757566912201838,0.8378783456100822,1.066260654832099,-0.007427535219180176,1.57162011336155
26,2052.0,0.04534766445477968,1.7441545231221458,0.5,1.0706920539716904,2.627922738438937,-0.872077261561063,1.7441545231221458,0.872077261561063,1.0655766765130794,-0.004800571907551719,1.6368174731729286
27,2053.0,0.03900657595183699,1.8063220574647212,0.5,1.067521509720219,2.59683897126765,-0.9031610287323502,1.8063220574647212,0.9031610287323502,1.0649550011696536,-0.0024099690106593012,1.6961487156554171
28,2054.0,0.03324309155015245,1.8628268065008442,0.5,1.0646397675193768,2.5685865967495882,-0.9314134032504118,1.8628268065008442,0.9314134032504118,1.0643899536792925,-0.00023470142612756103,1.7501356528794576
29,2055.0,0.028004597806839168,1.9141845882980333,0.5,1.0620205206477202,2.5429077058509937,-0.9570922941490063,1.9141845882980333,0.9570922941490063,1.0638763758613206,0.001744427506530362,1.7992547176811762
30,2056.0,0.023243273790639573,1.9608642355156765,0.5,1.0596398586396203,2.5195678822421725,-0.9804321177578275,1.9608642355156765,0.9804321177578275,1.063409579389144,0.0035449377385609027,1.8439407294431733
31,2057.0,0.018915654536311624,2.0032918752639897,0.5,1.0574760490124564,2.498354062368016,-1.001645937631984,2.0032918752639897,1.001645937631984,1.062985302991661,0.005182812936076655,1.884590379214025
32,2058.0,0.014982234263566024,2.041854819114437,0.5,1.0555093388760837,2.4790725904427924,-1.0209274095572076,2.041854819114437,1.0209274095572076,1.0625996735531564,0.006672630204528356,1.9215654492785739
33,2059.0,0.011407105738436854,2.076905098772566,0.5,1.053721774613519,2.461547450613728,-1.038452549386272,2.076905098772566,1.038452549386272,1.0622491707565753,0.008027679736368035,1.9551957826366795
34,2060.0,0.00815763248490361,2.1087626796895584,0.5,1.0520970379867525,2.4456186601552323,-1.0543813398447677,2.1087626796895584,1.0543813398447677,1.0619305949474054,0.00926007500625777,1.9857820178860182
35,2061.0,0.005204150854464483,2.1377183819487655,0.5,1.0506202971715328,2.4311408090256292,-1.0688591909743708,2.1377183819487655,1.0688591909743708,1.0616410379248133,0.010380854130151876,2.0135981048051397
36,2062.0,0.002519699233926742,2.1640365350912925,0.5,1.049278071361264,2.4179817324543653,-1.0820182675456347,2.1640365350912925,1.0820182675456347,1.061377856393388,0.011400072989311926,2.038893615554399
37,2063.0,7.97719194181811e-05,2.1879573911158863,0.5,1.0480581077040096,2.406021304442069,-1.0939786955579311,2.1879573911158863,1.0939786955579311,1.0611386478331422,0.01232689069976212,2.0618958659018984
38,2064.0,-0.002137904590204451,2.2096993176808137,0.5,1.0469492694491984,2.3951503411596056,-1.1048496588403944,2.2096993176808137,1.1048496588403944,1.0609212285674927,0.013169647983347372,2.082811860277748
39,2065.0,-0.004153574922712943,2.2294607915289366,0.5,1.045941434282944,2.385269604235544,-1.114730395764456,2.2294607915289366,1.114730395764456,1.0607236138290115,0.013935938969725158,2.101830073793686
40,2066.0,-0.005985639640775116,2.247422210333468,0.5,1.0450254019239131,2.3762888948332788,-1.1237111051667212,2.247422210333468,1.1237111051667212,1.0605439996409662,0.014632676930242151,2.119122083661125
41,2067.0,-0.007650823216201924,2.263747539504319,0.5,1.0441928101361997,2.368126230247853,-1.131873769752147,2.263747539504319,1.131873769752147,1.0603807463492578,0.015266154415563404,2.1348440617184763
42,2068.0,-0.009164326703570052,2.27858580898832,0.5,1.0434360583925155,2.3607070955058522,-1.1392929044941478,2.27858580898832,1.1392929044941478,1.0602323636544178,0.01584209823968077,2.1491381390532838
43,2069.0,-0.01053996650694029,2.2920724737272438,0.5,1.0427482384908304,2.3539637631363908,-1.1460362368636092,2.2920724737272438,1.1460362368636092,1.0600974970070285,0.016365719724063303,2.1621336529880018
44,2070.0,-0.01179030050643918,2.3043306501929193,0.5,1.042123071491081,2.3478346749035532,-1.1521653250964468,2.3043306501929193,1.1521653250964468,1.0599749152423716,0.016841760587521744,2.17394828599884
45,2071.0,-0.012926742696082726,2.315472240287464,0.5,1.0415548503962593,2.3422638798562816,-1.1577361201437184,2.315472240287464,1.1577361201437184,1.0598634993414262,0.01727453484014072,2.1846891054614512
46,2072.0,-0.0139596673793429,2.325598952868446,0.5,1.0410383880546292,2.337200523565791,-1.1627994764342091,2.325598952868446,1.1627994764342091,1.0597622322156166,0.01766796701354599,2.1944535124698477
47,2073.0,-0.01489850387363284,2.3348032322242305,0.5,1.0405689698074843,2.332598383887899,-1.1674016161121008,2.3348032322242305,1.1674016161121008,1.0596701894220586,0.018025627034947634,2.2033301073588056
48,2074.0,-0.015751822588244885,2.343169101975329,0.5,1.0401423104501781,2.32841544901235,-1.17158455098765,2.343169101975329,1.17158455098765,1.0595865307245478,0.01835076202891485,2.2113994789770164
49,2075.0,-0.01652741326152593,2.3507729321055355,0.5,1.0397545151135377,2.3246135339472476,-1.1753864660527524,2.3507729321055355,1.1753864660527524,1.0595104924232457,0.01864632530870307,2.2187349242091936
50,2076.0,-0.017232356071498207,2.3576841361248713,0.5,1.0394020437085514,2.3211579319375795,-1.1788420680624205,2.3576841361248713,1.1788420680624205,1.0594413803830522,0.01891500279822507,2.225403103730407
51,2077.0,-0.017873086269076972,2.3639658047285845,0.5,1.039081678609762,2.3180170976357233,-1.1819829023642767,2.3639658047285845,1.1819829023642767,1.0593785636970152,0.019159237106347655,2.231464639494711
52,2078.0,-0.018455452923905987,2.369675281736712,0.5,1.0387904952823477,2.31516235913166,-1.18483764086834,2.369675281736712,1.18483764086834,1.059321468926934,0.01938124945714882,2.2369746590118047
53,2079.0,-0.018984772319087212,2.3748646875718222,0.5,1.038525835584757,2.312567656214105,-1.1874323437858951,2.3748646875718222,1.1874323437858951,1.0592695748685828,0.019583059662975046,2.2419832910488884
54,2080.0,-0.019465876482232126,2.379581395053635,0.5,1.0382852835031846,2.3102093024731984,-1.1897906975268016,2.379581395053635,1.1897906975268016,1.0592224077937646,0.0197665043115823,2.246536117008724
55,2081.0,-0.01990315729586285,2.3838684618539365,0.5,1.0380666430963692,2.308065769073048,-1.191934230926952,2.3838684618539365,1.191934230926952,1.0591795371257617,0.01993325332425271,2.250674581877697
56,2082.0,-0.020300606589836123,2.387765023559557,0.5,1.0378679184493826,2.3061174882202384,-1.1938825117797616,2.387765023559557,1.1938825117797616,1.0591405715087054,0.020084825028485798,2.254436368307822
57,2083.0,-0.020661852581784105,2.3913066509315954,0.5,1.0376872954534084,2.3043466745342194,-1.1956533254657806,2.3913066509315954,1.1956533254657806,1.059105155234985,0.02022259987661434,2.257855737092539
58,2084.0,-0.020990192998227915,2.3945256746222205,0.5,1.0375231252451866,2.3027371626889073,-1.1972628373110927,2.3945256746222205,1.1972628373110927,1.0590729649980788,0.02034783293040744,2.2609638370162384
59,2085.0,-0.021288625178718427,2.397451480313304,0.5,1.0373739091549414,2.3012742598433658,-1.1987257401566342,2.397451480313304,1.1987257401566342,1.059043706941168,0.02046166522136784,2.263788986800039
60,2086.0,-0.021559873437817723,2.40011077697114,0.5,1.0372382850253918,2.299944611514448,-1.200055388485552,2.40011077697114,1.200055388485552,1.0590171139745896,0.020565134086889147,2.266356931630029
61,2087.0,-0.021806413934702035,2.4025278406660844,0.5,1.0371150147769497,2.2987360796669756,-1.2012639203330244,2.4025278406660844,1.2012639203330244,1.0589929433376402,0.02065918257371722,2.268691076537309
62,2088.0,-0.022030497277414705,2.4047247361828754,0.5,1.0370029731055932,2.2976376319085805,-1.2023623680914195,2.4047247361828754,1.2023623680914195,1.0589709743824722,0.02074466799214156,2.2708126987004205
63,2089.0,-0.022234169068117905,2.4067215184446713,0.5,1.0369011372102417,2.2966392407776826,-1.2033607592223174,2.4067215184446713,1.2033607592223174,1.0589510065598544,0.020822369697012434,2.272741140558742
64,2090.0,-0.022419288576895666,2.4085364155895514,0.5,1.0368085774558529,2.2957317922052423,-1.2042682077947577,2.4085364155895514,1.2042682077947577,1.0589328575884056,0.020892996164967603,2.2744939854588218
65,2091.0,-0.02258754571457684,2.41018599537074,0.5,1.0367244488870122,2.2949070023146487,-1.2050929976853513,2.41018599537074,1.2050929976853513,1.0589163617905937,0.02095719143111138,2.2760872174032634
66,2092.0,-0.022740476459518738,2.4116853163995824,0.5,1.0366479835145412,2.2941573418002275,-1.2058426581997725,2.4116853163995824,1.2058426581997725,1.0589013685803053,0.021015540942778903,2.2775353663325486
67,2093.0,-0.022879476879178802,2.413048065611936,0.5,1.0365784833047111,2.293475967194051,-1.206524032805949,2.413048065611936,1.206524032805949,1.0588877410881816,0.021068576882894163,2.2788516402429324
68,2094.0,-0.02300581587447379,2.4142866832128673,0.5,1.0365153138070637,2.292856658393585,-1.207143341606415,2.4142866832128673,1.207143341606415,1.0588753549121723,0.021116783010747497,2.280048045327411
69,2095.0,-0.02312064676326666,2.4154124762402485,0.5,1.0364578983626673,2.292293761879895,-1.207706238120105,2.4154124762402485,1.207706238120105,1.0588640969818985,0.021160599063747693,2.281135495220725
70,2096.0,-0.023225017808723943,2.416435721783947,0.5,1.0364057128399387,2.291782139108046,-1.208217860891954,2.416435721783947,1.208217860891954,1.0588538645264616,0.021200424759805866,2.282123910332632
71,2097.0,-0.02331988178865442,2.4173657608028734,0.5,1.0363582808499734,2.2913171195985833,-1.2086828804014167,2.4173657608028734,1.2086828804014167,1.0588445641362723,0.021236623436454556,2.283022308165489
72,2098.0,-0.02340610469318529,2.4182110833963133,0.5,1.036315169397708,2.2908944583018633,-1.2091055416981367,2.4182110833963133,1.2091055416981367,1.058836110910338,0.02126952535956438,2.2838388854317104
73,2099.0,-0.023484473630174738,2.418979406307974,0.5,1.0362759849292131,2.290510296846033,-1.209489703153967,2.418979406307974,1.209489703153967,1.0588284276812214,0.021299430731565226,2.284581092713398
74,2100.0,-0.02355570401052752,2.419677743370256,0.5,1.0362403697390368,2.2901611283148924,-1.2098388716851076,2.419677743370256,1.2098388716851076,1.0588214443105985,0.021326612426389203,2.285255702339609
75,2101.0,-0.023620446079006582,2.4203124695318157,0.5,1.0362079987047974,2.2898437652341133,-1.2101562347658867,2.4203124695318157,1.2101562347658867,1.058815097048983,0.02135131847590161,2.285868870095878
76,2102.0,-0.02367929085015884,2.4208893790529165,0.5,1.0361785763192213,2.2895553104735633,-1.2104446895264367,2.4208893790529165,1.2104446895264367,1.058809327953772,0.021373774330347435,2.28642619132518
77,2103.0,-0.023732775503542775,2.421413738399818,0.5,1.0361518339925293,2.2892931308001128,-1.2107068691998872,2.421413738399818,1.2107068691998872,1.0588040843603028,0.021394184913311246,2.286932751929043
78,2104.0,-0.02378138828750956,2.421890334321061,0.5,1.0361275276005457,2.2890548328394913,-1.2109451671605087,2.421890334321061,1.2109451671605087,1.0587993184010904,0.021412736489839962,2.28739317473154
79,2105.0,-0.02382557297630313,2.422323517544527,0.5,1.036105435256149,2.2888382412277584,-1.2111617587722416,2.422323517544527,1.2111617587722416,1.0587949865688557,0.021429598364679475,2.2878116616270905
80,2106.0,-0.023865732921166987,2.4227172424941723,0.5,1.036085355283717,2.2886413787529363,-1.2113586212470637,2.4227172424941723,1.2113586212470637,1.0587910493193593,0.021444924426059848,2.2881920318948756
81,2107.0,-0.023902234732439288,2.4230751033889986,0.5,1.036067104378081,2.288462448305523,-1.211537551694477,2.4230751033889986,1.211537551694477,1.0587874707104112,0.02145885454904912,2.2885377570280423
82,2108.0,-0.02393541162624916,2.423400367053801,0.5,1.036050515931176,2.288299816473122,-1.2117001835268781,2.423400367053801,1.2117001835268781,1.0587842180737632,0.021471515871238165,2.2888519923943256
83,2109.0,-0.02396556646636546,2.4236960027412153,0.5,1.036035438511118,2.288151998629415,-1.2118480013705848,2.4236960027412153,1.2118480013705848,1.058781261716889,0.021483023952357405,2.2891376060160153
84,2110.0,-0.023992974528966215,2.423964709237301,0.5,1.0360217344798175,2.2880176453813728,-1.2119823546186272,2.423964709237301,1.2119823546186272,1.058778574651928,0.021493483828374432,2.289397204731099
85,2111.0,-0.024017886015567695,2.4242089394981003,0.5,1.0360092787365167,2.287895530250974,-1.212104469749026,2.4242089394981003,1.212104469749026,1.05877613234932,0.02150299096966418,2.2896331579736495
86,2112.0,-0.024040528337053,2.424430923042074,0.5,1.035997957575774,2.287784538478988,-1.2122154615210121,2.424430923042074,1.2122154615210121,1.0587739125138804,0.02151163215197538,2.2898476193899326
87,2113.0,-0.024061108189650533,2.424632686302834,0.5,1.0359876676494753,2.2876836568486083,-1.2123163431513917,2.424632686302834,1.2123163431513917,1.0587718948812728,0.02151948624812379,2.290042546487055
88,2114.0,-0.02407981344181344,2.4248160711279607,0.5,1.0359783150233939,2.287591964436045,-1.2124080355639548,2.4248160711279607,1.2124080355639548,1.0587700610330215,0.021526624947620986,2.290219718493092
89,2115.0,-0.024096814849224872,2.4249827515927787,0.5,1.0359698143196883,2.287508624203636,-1.2124913757963638,2.4249827515927787,1.2124913757963638,1.0587683942283734,0.021533113410795276,2.290380752591408
90,2116.0,-0.024112267613584967,2.425134249282584,0.5,1.0359620879375082,2.287432875358734,-1.2125671246412661,2.425134249282584,1.2125671246412661,1.0587668792514753,0.021539010863363565,2.2905271186770593
91,2117.0,-0.024126312799409293,2.425271947182823,0.5,1.035955065344596,2.2873640264086146,-1.2126359735913854,2.425271947182823,1.2126359735913854,1.058765502272473,0.02154437113687402,2.290660152769768
92,2118.0,-0.024139078621772392,2.4253971023040295,0.5,1.0359486824334143,2.2873014488480115,-1.2126985511519885,2.4253971023040295,1.2126985511519885,1.058764250721261,0.021549243159942322,2.2907810692057073
93,2119.0,-0.02415068161675192,2.4255108571567696,0.5,1.0359428809359246,2.2872445714216414,-1.2127554285783586,2.4255108571567696,1.2127554285783586,1.0587631131727335,0.02155367140476296,2.2908909717192385
94,2120.0,-0.024161227705258068,2.4256142501813396,0.5,1.0359376078916716,2.287192874909357,-1.212807125090643,2.4256142501813396,1.212807125090643,1.0587620792424879,0.021557696292963714,2.290990863515619
95,2121.0,-0.024170813159959694,2.4257082252274342,0.5,1.0359328151643208,2.2871458873863095,-1.2128541126136905,2.4257082252274342,1.2128541126136905,1.0587611394920269,0.021561354564504212,2.291081656426531
96,2122.0,-0.024179525484134046,2.42579364017032,0.5,1.0359284590022335,2.287103179914867,-1.2128968200851329,2.42579364017032,1.2128968200851329,1.058760285342598,0.02156467961298377,2.2911641792319135
97,2123.0,-0.024187444210462813,2.4258712747421707,0.5,1.0359244996390693,2.287064362628942,-1.212935637371058,2.4258712747421707,1.212935637371058,1.0587595089968795,0.021567701790414374,2.2912391852239984
98,2124.0,-0.024194641627066582,2.425941837650051,0.5,1.0359209009307673,2.2870290811750023,-1.2129709188249977,2.425941837650051,1.2129709188249977,1.0587588033678008,0.021570448684240986,2.2913073590825257
99,2125.0,-0.024201183437405453,2.4260059730455303,0.5,1.035917630025598,2.2869970134772633,-1.2130029865227367,2.4260059730455303,1.2130029865227367,1.058758162013846,0.02157294536913274,2.291369323123862
100,2126.0,-0.024207129360069895,2.426064266404986,0.5,1.0359146570642657,2.286967866797536,-1.2130321332024638,2.426064266404986,1.2130321332024638,1.0587575790802515,0.021575214635846652,2.2914256429810127
101,2127.0,-0.024212533673937178,2.426117249874273,0.5,1.035911954907332,2.2869413750628933,-1.2130586249371067,2.426117249874273,1.2130586249371067,1.0587570492455585,0.02157727719924544,2.2914768327663633
102,2128.0,-0.024217445713670016,2.4261654071265553,0.5,1.0359094988874655,2.2869172964367523,-1.2130827035632477,2.4261654071265553,1.2130827035632477,1.0587565676730357,0.02157915188737304,2.291523359764226
103,2129.0,-0.024221910320080656,2.4262091777776402,0.5,1.0359072665842604,2.28689541111121,-1.2131045888887901,2.4262091777776402,1.2131045888887901,1.058756129966525,0.021580855813308937,2.2915656486960323
104,2130.0,-0.02422596824947171,2.4262489613991214,0.5,1.0359052376195648,2.2868755193004695,-1.2131244806995305,2.4262489613991214,1.2131244806995305,1.05875573213031,0.021582404531371994,2.2916040855970565
105,2131.0,-0.024229656545690512,2.4262851211659724,0.5,1.0359033934714554,2.2868574394170444,-1.2131425605829556,2.4262851211659724,1.2131425605829556,1.0587553705326416,0.021583812179096384,2.291639021340076
106,2132.0,-0.024233008878293345,2.426317987171883,0.5,1.035901717305154,2.2868410064140896,-1.2131589935859104,2.426317987171883,1.2131589935859104,1.0587550418725824,0.021585091606278105,2.291670774838097
107,2133.0,-0.02423605584990661,2.426347859442601,0.5,1.0359001938193473,2.286826070278731,-1.2131739297212691,2.426347859442601,1.2131739297212691,1.0587547431498754,0.021586254492267108,2.29169963595538
108,2134.0,-0.024238825275590747,2.426375010674798,0.5,1.0358988091065051,2.286812494662633,-1.213187505337367,2.426375010674798,1.213187505337367,1.0587544716375534,0.021587311452576856,2.2917258681533355
109,2135.0,-0.024241342436757123,2.4263996887254486,0.5,1.035897550525922,2.2868001556373083,-1.2131998443626917,2.4263996887254486,1.2131998443626917,1.0587542248570467,0.02158827213578375,2.291749710895427
110,2136.0,-0.024243630311955866,2.4264221188744557,0.5,1.0358964065883227,2.286788940562805,-1.213211059437195,2.4264221188744557,1.213211059437195,1.0587540005555567,0.021589145311602106,2.291771381833029
111,2137.0,-0.024245709786641458,2.426442505881177,0.5,1.0358953668509798,2.286778747059445,-1.213221252940555,2.426442505881177,1.213221252940555,1.0587537966854896,0.02158993895093447,2.291791078792201
112,2138.0,-0.024247599843830934,2.426461035853623,0.5,1.0358944218223851,2.2867694820732227,-1.2132305179267773,2.426461035853623,1.2132305179267773,1.0587536113857652,0.021590660298632165,2.291808981579495
113,2139.0,-0.02424931773739523,2.4264778779473906,0.5,1.035893562875603,2.28676106102634,-1.2132389389736602,2.4264778779473906,1.2132389389736602,1.0587534429648275,0.02159131593962995,2.2918252536232835
114,2140.0,-0.024250879149565554,2.4264931859098446,0.5,1.0358927821695179,2.2867534070451137,-1.2132465929548863,2.4264931859098446,1.2132465929548863,1.058753289885203,0.021591911859054378,2.2918400434655943
115,2141.0,-0.024252298334092637,2.4265070994836395,0.5,1.0358920725772542,2.286746450258216,-1.213253549741784,2.4265070994836395,1.213253549741784,1.058753150749465,0.021592453496858958,2.2918534861180584
116,2142.0,-0.024253588246365768,2.4265197456823957,0.5,1.0358914276211177,2.2867401271588386,-1.2132598728411614,2.4265197456823957,1.2132598728411614,1.0587530242874774,0.021592945797482027,2.291865704294353
117,2143.0,-0.024254760661679368,2.4265312399501764,0.5,1.0358908414134609,2.2867343800249493,-1.2132656199750507,2.4265312399501764,1.2132656199750507,1.0587529093447996,0.021593393254982142,2.2918768095303887
118,2144.0,-0.024255826282726777,2.426541687215347,0.5,1.0358903086029372,2.286729156392364,-1.2132708436076358,2.426541687215347,1.2132708436076358,1.058752804872148,0.021593799954061597,2.2918869032024616
119,2145.0,-0.02425679483730254,2.426551182848443,0.5,1.0358898243256494,2.2867244085758167,-1.2132755914241833,2.426551182848443,1.2132755914241833,1.058752709915817,0.021594169607353775,2.2918960774526678
120,2146.0,-0.02425767516710507,2.4265598135327817,0.5,1.0358893841607482,2.286720093233648,-1.2132799067663518,2.4265598135327817,1.2132799067663518,1.0587526236089737,0.021594505589314663,2.291904416030025
121,2147.0,-0.024258475308450336,2.426567658055775,0.5,1.0358889840900753,2.286716170972152,-1.2132838290278478,2.426567658055775,1.2132838290278478,1.0587525451637436,0.021594810967025594,2.2919119950549818
122,2148.0,-0.02425920256563346,2.4265747880281587,0.5,1.0358886204614839,2.286712605985961,-1.213287394014039,2.4265747880281587,1.213287394014039,1.05875247386402,0.02159508852819224,2.2919188837142817
123,2149.0,-0.024259863577607826,2.4265812685377117,0.5,1.0358882899554966,2.286709365731185,-1.213290634268815,2.4265812685377117,1.213290634268815,1.0587524090589244,0.021595340806592006,2.29192514489255
124,2150.0,-0.024260464378590467,2.426587158743424,0.5,1.0358879895550053,2.2867064206283296,-1.2132935793716704,2.426587158743424,1.2132935793716704,1.0587523501568672,0.021595570105203812,2.2919308357463337
125,2151.0,-0.024261010453146967,2.4265925124155463,0.5,1.0358877165177272,2.2867037437922693,-1.2132962562077307,2.4265925124155463,1.2132962562077307,1.0587522966201461,0.021595778517231615,2.2919360082258664
126,2152.0,-0.024261506786258717,2.426597378426446,0.5,1.0358874683511712,2.2867013107868197,-1.2132986892131803,2.426597378426446,1.2132986892131803,1.058752247960037,0.02159596794521181,2.291940709549302
127,2153.0,-0.024261957908829592,2.4266018011967487,0.5,1.0358872427898858,2.286699099401669,-1.2133009005983308,2.4266018011967487,1.2133009005983308,1.058752203732334,0.021596140118381117,2.29194498263375
128,2154.0,-0.02426236793904748,2.426605821100846,0.5,1.0358870377747769,2.286697089449621,-1.2133029105503792,2.426605821100846,1.2133029105503792,1.058752163533293,0.021596296608462302,2.291948866487053
129,2155.0,-0.02426274061997819,2.4266094748354607,0.5,1.0358868514343116,2.286695262582314,-1.213304737417686,2.4266094748354607,1.213304737417686,1.058752126995947,0.021596438844011835,2.291952396563875
130,2156.0,-0.024263079353735017,2.4266127957546453,0.5,1.035886682067433,2.2866936021227224,-1.2133063978772776,2.4266127957546453,1.2133063978772776,1.0587520937867552,0.021596568123460506,2.291955605089356
131,2157.0,-0.024263387232535776,2.4266158141742604,0.5,1.0358865281280327,2.286692092912915,-1.213307907087085,2.4266158141742604,1.213307907087085,1.058752063602559,0.021596685626966202,2.291958521353285
132,2158.0,-0.024263667066930922,2.4266185576487227,0.5,1.0358863882108351,2.2866907211756846,-1.2133092788243154,2.4266185576487227,1.2133092788243154,1.0587520361678144,0.021596792427188365,2.2919611719774755
133,2159.0,-0.02426392141146037,2.426621051222541,0.5,1.0358862610385704,2.2866894743887762,-1.2133105256112238,2.426621051222541,1.2133105256112238,1.0587520112320763,0.021596889499078144,2.29196358115879
134,2160.0,-0.024264152587973275,2.4266233176589416,0.5,1.0358861454503139,2.286688341170576,-1.213311658829424,2.4266233176589416,1.213311658829424,1.0587519885677121,0.02159697772877985,2.291965770890023
135,2161.0,-0.024264362706823618,2.4266253776476705,0.5,1.0358860403908887,2.2866873111762125,-1.2133126888237875,2.4266253776476705,1.2133126888237875,1.058751967967825,0.021597057921720123,2.291967761160671
136,2162.0,-0.02426455368613512,2.4266272499938615,0.5,1.035885944901233,2.286686375003118,-1.2133136249968821,2.4266272499938615,1.2133136249968821,1.058751949244363,0.02159713080995952,2.2919695701394063
137,2163.0,-0.024264727269311313,2.4266289517897066,0.5,1.0358858581096448,2.286685524105196,-1.213314475894804,2.4266289517897066,1.213314475894804,1.0587519322264045,0.02159719705887627,2.2919712143399367
138,2164.0,-0.024264885040950666,2.4266304985704843,0.5,1.0358857792238252,2.2866847507148074,-1.2133152492851926,2.4266304985704843,1.2133152492851926,1.0587519167585968,0.021597257273240217,2.2919727087717505
139,2165.0,-0.024265028441311978,2.426631904456379,0.5,1.0358857075236445,2.28668404777186,-1.21331595222814,2.426631904456379,1.21331595222814,1.0587519026997378,0.021597312002732898,2.2919740670771405
140,2166.0,-0.02426515877946216,2.4266331822813805,0.5,1.0358856423545695,2.2866834088593593,-1.2133165911406407,2.4266331822813805,1.2133165911406407,1.0587518899214878,0.02159736174696605,2.291975301655734
141,2167.0,-0.024265277245226386,2.4266343437104414,0.5,1.0358855831216873,2.2866828281448295,-1.2133171718551705,2.4266343437104414,1.2133171718551705,1.0587518783071972,0.021597406960042437,2.2919764237776894
142,2168.0,-0.02426538492004971,2.426635399345964,0.5,1.0358855292842757,2.2866823003270684,-1.2133176996729316,2.426635399345964,1.2133176996729316,1.058751867750842,0.021597448054700912,2.291977443686577
143,2169.0,-0.024265482786869328,2.426636358824587,0.5,1.035885480350866,2.2866818205877575,-1.2133181794122425,2.426636358824587,1.2133181794122425,1.0587518581560558,0.021597485406084114,2.2919783706928905
144,2170.0,-0.024265571739087555,2.426637230905158,0.5,1.035885435874757,2.2866813845474723,-1.2133186154525277,2.426637230905158,1.2133186154525277,1.0587518494352501,0.021597519355163755,2.2919792132590397
145,2171.0,-0.024265652588727486,2.426638023548687,0.5,1.0358853954499367,2.2866809882257084,-1.2133190117742916,2.426638023548687,1.2133190117742916,1.0587518415088149,0.02159755021185267,2.291979979076602
146,2172.0,-0.02426572607384576,2.426638743991023,0.5,1.0358853587073777,2.2866806280045413,-1.2133193719954587,2.426638743991023,1.2133193719954587,1.0587518343043916,0.021597578257833462,2.291980675136534
147,2173.0,-0.024265792865270093,2.4266393988089088,0.5,1.0358853253116656,2.286680300595599,-1.2133196994044009,2.4266393988089088,1.2133196994044009,1.0587518277562127,0.02159760374913124,2.291981307792996
148,2174.0,-0.024265853572723102,2.4266399939800167,0.5,1.0358852949579391,2.2866800030100456,-1.2133199969899544,2.4266399939800167,1.2133199969899544,1.0587518218045016,0.021597626918449575,2.291981882821351
149,2175.0,-0.02426590875038831,2.426640534937519,0.5,1.0358852673691064,2.2866797325312946,-1.2133202674687054,2.426640534937519,1.2133202674687054,1.0587518163949265,0.02159764797729585,2.291982405470891
0,2026.0,0.06,0.0,0.75,1.0930182217443005,3.5,0.0,0.0,0.0,1.0830182217443007,-0.009233454986467231,0.0
1,2027.0,0.06,0.0594059405940594,0.75,1.0930182217443005,3.455445544554456,-0.04455445544554415,0.0594059405940594,0.04455445544554415,1.0821271326353898,-0.010064519020410058,0.05489737647496502
2,2028.0,0.06,0.11940005881776296,0.75,1.0930182217443005,3.410449955886678,-0.0895500441133219,0.11940005881776296,0.0895500441133219,1.0812272208620342,-0.010905201658598375,0.11043012653951537
3,2029.0,0.06,0.17998817821199825,0.75,1.0930182217443005,3.365008866341002,-0.13499113365899795,0.17998817821199825,0.13499113365899795,1.0803183990711207,-0.011755629344181657,0.166606602615262
4,2030.0,0.06,0.24117617997647348,0.75,1.0930182217443005,3.3191178650176463,-0.18088213498235373,0.24117617997647348,0.18088213498235373,1.0794005790446537,-0.012615930511821114,0.22343528867654633
5,2031.0,0.06,0.30297000354059694,0.75,1.0930182217443005,3.2727724973445538,-0.22722750265544622,0.30297000354059694,0.22722750265544622,1.0784736716911918,-0.0134862356262262,0.2809248027960657
6,2032.0,0.06,0.3653756471400088,0.75,1.0930182217443005,3.2259682646449956,-0.27403173535500436,0.3653756471400088,0.27403173535500436,1.0775375870372006,-0.014366677221595127,0.33908389975021325
7,2033.0,0.06,0.4283991683988208,0.75,1.0930182217443005,3.178700623700887,-0.321299376299113,0.4283991683988208,0.321299376299113,1.0765922342183185,-0.015257389941985259,0.397921473685781
8,2034.0,0.06,0.492046684917621,0.75,1.0930182217443005,3.1309649863117874,-0.36903501368821257,0.492046684917621,0.36903501368821257,1.0756375214705365,-0.016158510582637876,0.45744656084972674
9,2035.0,0.06,0.5563243748673004,0.75,1.0930182217443005,3.082756718849528,-0.4172432811504718,0.5563243748673004,0.4172432811504718,1.0746733561212913,-0.017070178132283315,0.5176683423837594
10,2036.0,0.06,0.6212384775887588,0.75,1.0930182217443005,3.0340711418084347,-0.46592885819156526,0.6212384775887588,0.46592885819156526,1.0736996445804694,-0.01799253381645622,0.5785961471855545
11,2037.0,0.06,0.6867952941985485,0.75,1.0930182217443005,2.9849035293510933,-0.5150964706489067,0.6867952941985485,0.5150964706489067,1.0727162923313225,-0.01892572114184644,0.6402394548384679
12,2038.0,0.06,0.7530011882005143,0.75,1.0930182217443005,2.9352491088496193,-0.5647508911503807,0.7530011882005143,0.5647508911503807,1.0717232039212932,-0.019869885941716767,0.7026078986116777
13,2039.0,0.06,0.8198625861034896,0.75,1.0930182217443005,2.885103060422388,-0.614896939577612,0.8198625861034896,0.614896939577612,1.0707202829527485,-0.02082517642241777,0.7657112685327458
14,2040.0,0.06,0.8873859780451084,0.75,1.0930182217443005,2.8344605164661747,-0.6655394835338253,0.8873859780451084,0.6655394835338253,1.0697074320736242,-0.021791743211027767,0.8295595145346553
15,2041.0,0.06,0.9555779184217926,0.75,1.0930182217443005,2.783316561183662,-0.7166834388163381,0.9555779184217926,0.7166834388163381,1.0686845529679738,-0.02276973940415505,0.8941627496794456
16,2042.0,0.06,1.0244450265249787,0.75,1.0930182217443005,2.731666230106273,-0.7683337698937271,1.0244450265249787,0.7683337698937271,1.0676515463464262,-0.023759320617930752,0.9595312534606416
17,2043.0,0.06,1.093993987183642,0.75,1.0930182217443005,2.6795045096122756,-0.8204954903877244,1.093993987183642,0.8204954903877244,1.0666083119365461,-0.024760645039231168,1.0256754751867385
18,2044.0,0.06,1.164231551413183,0.75,1.0930182217443005,2.62682633644012,-0.8731736635598799,1.164231551413183,0.8731736635598799,1.0655547484731032,-0.025773873478159057,1.0926060374480802
19,2045.0,0.06,1.2351645370707394,0.75,1.0930182217443005,2.573626597196953,-0.9263734028030468,1.2351645370707394,0.9263734028030468,1.0644907536882398,-0.026799169421828237,1.1603337396695559
20,2046.0,0.06,1.3067998295169845,0.75,1.0930182217443005,2.51990012786227,-0.9800998721377301,1.3067998295169845,0.9800998721377301,1.0634162243015461,-0.027836699089481196,1.2288695617516021
21,2047.0,0.06,1.3791443822844793,0.75,1.0930182217443005,2.465641713286649,-1.034358286713351,1.3791443822844793,1.034358286713351,1.0623310560100336,-0.028886631488985716,1.2982246678020994
22,2048.0,0.06,1.4522052177526426,0.75,1.0930182217443005,2.4108460866855266,-1.0891539133144734,1.4522052177526426,1.0891539133144734,1.0612351434780112,-0.02994913847474548,1.368410409961826
23,2049.0,0.06,1.5259894278294015,0.75,1.0930182217443005,2.355507929127958,-1.144492070872042,1.5259894278294015,1.144492070872042,1.0601283803268597,-0.031024394807070588,1.4394383323262292
24,2050.0,0.06,1.6005041746395936,0.75,1.0930182217443005,2.2996218690203136,-1.2003781309796864,1.6005041746395936,1.2003781309796864,1.059010659124707,-0.03211257821304782,1.511320174966361
25,2051.0,0.052324243308779814,1.6757566912201838,0.75,1.0872614042258855,2.243182481584871,-1.256817518415129,1.6757566912201838,1.256817518415129,1.057881871375998,-0.02777203546523876,1.5840678780519317
26,2052.0,0.04534766445477968,1.7441545231221458,0.75,1.0820289700853853,2.1918841076584004,-1.3081158923415996,1.7441545231221458,1.3081158923415996,1.0568559038974688,-0.02381882534325017,1.6503238678897096
27,2053.0,0.03900657595183699,1.8063220574647212,0.75,1.0772731537081783,2.1452584569014688,-1.3547415430985312,1.8063220574647212,1.3547415430985312,1.05592339088233,-0.020219045254796807,1.7106563535403432
28,2054.0,0.03324309155015245,1.8628268065008442,0.75,1.0729505404069148,2.1028798951243766,-1.3971201048756234,1.8628268065008442,1.3971201048756234,1.0550758196467882,-0.01694164573510047,1.7655857255116223
29,2055.0,0.028004597806839168,1.9141845882980333,0.75,1.06902167009943,2.0643615587764854,-1.4356384412235146,1.9141845882980333,1.4356384412235146,1.0543054529198304,-0.013958210250021929,1.8155882462685018
30,2056.0,0.023243273790639573,1.9608642355156765,0.75,1.0654506770872803,2.0293518233632537,-1.4706481766367463,1.9608642355156765,1.4706481766367463,1.0536052582115658,-0.01124274844244927,1.8610995154334466
31,2057.0,0.018915654536311624,2.0032918752639897,0.75,1.0622049626465344,1.9975310935520187,-1.5024689064479813,2.0032918752639897,1.5024689064479813,1.052968843615341,-0.008771502677592429,1.902517712096532
32,2058.0,0.014982234263566024,2.041854819114437,0.75,1.059254897441975,1.9686088856641837,-1.5313911143358163,2.041854819114437,1.5313911143358163,1.0523903994575843,-0.006522767585041509,1.9402066192991076
33,2059.0,0.011407105738436854,2.076905098772566,0.75,1.0565735510481282,1.9423211759205867,-1.5576788240794133,2.076905098772566,1.5576788240794133,1.0518646452627125,-0.004476722177728131,1.9744984377280221
34,2060.0,0.00815763248490361,2.1087626796895584,0.75,1.0541364461079783,1.9184279902328423,-1.5815720097671577,2.1087626796895584,1.5815720097671577,1.0513867815489575,-0.0026152740430784817,2.005696397079313
35,2061.0,0.005204150854464483,2.1377183819487655,0.75,1.051921334885149,1.896711213538437,-1.603288786461563,2.1377183819487655,1.603288786461563,1.0509524460150694,-0.0009219150435905906,2.0340771745233783
36,2062.0,0.002519699233926742,2.1640365350912925,0.75,1.0499079961697457,1.876972598681542,-1.623027401318458,2.1640365350912925,1.623027401318458,1.0505576737179314,0.0006184120724057586,2.0598931303150176
37,2063.0,7.97719194181811e-05,2.1879573911158863,0.75,1.0480780506838643,1.8590319566630968,-1.6409680433369032,2.1879573911158863,1.6409680433369032,1.0501988608775625,0.0020194367683145937,2.083374370914471
38,2064.0,-0.002137904590204451,2.2096993176808137,0.75,1.0464147933016472,1.8427255117394008,-1.6572744882605992,2.2096993176808137,1.6572744882605992,1.0498727319790886,0.0032936741493637058,2.104730650081144
39,2065.0,-0.004153574922712943,2.2294607915289366,0.75,1.044903040552266,1.827904406353309,-1.672095593646691,2.2294607915289366,1.672095593646691,1.0495763098713669,0.0044525293446016235,2.124153118320833
40,2066.0,-0.005985639640775116,2.247422210333468,0.75,1.0435289920137192,1.8144333422499108,-1.6855666577500892,2.247422210333468,1.6855666577500892,1.0493068885892989,0.005506393447342726,2.141815930852155
41,2067.0,-0.007650823216201924,2.263747539504319,0.75,1.0422801043321492,1.802189345371773,-1.697810654628227,2.263747539504319,1.697810654628227,1.0490620086517362,0.006464731601807868,2.157877723942846
42,2068.0,-0.009164326703570052,2.27858580898832,0.75,1.041144976716623,1.7910606432587721,-1.7089393567412279,2.27858580898832,1.7089393567412279,1.048839434609476,0.007336163800627887,2.1724829690797494
43,2069.0,-0.01053996650694029,2.2920724737272438,0.75,1.0401132468640955,1.780945644704579,-1.719054355295421,2.2920724737272438,1.719054355295421,1.0486371346383923,0.008128538931854768,2.185763214000268
44,2070.0,-0.01179030050643918,2.3043306501929193,0.75,1.0391754963644713,1.7717520123553225,-1.7282479876446775,2.3043306501929193,1.7282479876446775,1.048453261991407,0.008849002586261083,2.1978382191459147
45,2071.0,-0.012926742696082726,2.315472240287464,0.75,1.0383231647222386,1.7633958197844144,-1.7366041802155856,2.315472240287464,1.7366041802155856,1.048286138139989,0.009504059106827537,2.208816997614685
46,2072.0,-0.0139596673793429,2.325598952868446,0.75,1.0375484712097933,1.7558007853486781,-1.7441992146513219,2.325598952868446,1.7441992146513219,1.0481342374512743,0.010099628333124753,2.2187987661996003
47,2073.0,-0.01489850387363284,2.3348032322242305,0.75,1.036844343839076,1.7488975758318406,-1.7511024241681594,2.3348032322242305,1.7511024241681594,1.0479961732609375,0.010641097464279468,2.2278738146144876
48,2074.0,-0.015751822588244885,2.343169101975329,0.75,1.036204354803117,1.7426231735185167,-1.7573768264814833,2.343169101975329,1.7573768264814833,1.047870685214671,0.011133368435785622,2.236124299531576
49,2075.0,-0.01652741326152593,2.3507729321055355,0.75,1.035622661798156,1.736920300920862,-1.763079699079138,2.3507729321055355,1.763079699079138,1.047756627762718,0.011580901177854238,2.2436249695935184
50,2076.0,-0.017232356071498207,2.3576841361248713,0.75,1.035093954690677,1.7317368979063603,-1.7682631020936397,2.3576841361248713,1.7682631020936397,1.0476529597024278,0.011987753096519673,2.2504438271186107
51,2077.0,-0.017873086269076972,2.3639658047285845,0.75,1.0346134070424928,1.7270256464535758,-1.7729743535464242,2.3639658047285845,1.7729743535464242,1.0475587346733721,0.01235761509345406,2.2566427317945728
52,2078.0,-0.018455452923905987,2.369675281736712,0.75,1.034176632051371,1.72274353869748,-1.77725646130252,2.369675281736712,1.77725646130252,1.0474730925182503,0.012693844416483281,2.2622779512547955
53,2079.0,-0.018984772319087212,2.3748646875718222,0.75,1.0337796425049852,1.7188514843211478,-1.7811485156788522,2.3748646875718222,1.7811485156788522,1.0473952514307237,0.012999494610214957,2.2674006630522703
54,2080.0,-0.019465876482232126,2.379581395053635,0.75,1.0334188143826264,1.7153139537097886,-1.7846860462902114,2.379581395053635,1.7846860462902114,1.0473245008184964,0.013277342814956131,2.2720574121907435
55,2081.0,-0.01990315729586285,2.3838684618539365,0.75,1.0330908537724035,1.712098653609563,-1.787901346390437,2.3838684618539365,1.787901346390437,1.047260194816492,0.013529914642245379,2.2762905280398384
56,2082.0,-0.020300606589836123,2.387765023559557,0.75,1.0327927668019234,1.7091762323303479,-1.7908237676696521,2.387765023559557,1.7908237676696521,1.0472017463909076,0.013759506836809106,2.2801385041505013
57,2083.0,-0.020661852581784105,2.3913066509315954,0.75,1.0325218323079626,1.706520011801319,-1.793479988198681,2.3913066509315954,1.793479988198681,1.047148621980327,0.013968207917518715,2.283636344198447
58,2084.0,-0.020990192998227915,2.3945256746222205,0.75,1.0322755769956296,1.70410574403335,-1.79589425596665,2.3945256746222205,1.79589425596665,1.0471003366249676,0.01415791697395636,2.286815877015471
59,2085.0,-0.021288625178718427,2.397451480313304,0.75,1.0320517528602617,1.7019113897650378,-1.7980886102349622,2.397451480313304,1.7980886102349622,1.0470564495396015,0.014330360780392945,2.2897060434205634
60,2086.0,-0.021559873437817723,2.40011077697114,0.75,1.0318483166659373,1.699916917271661,-1.800083082728339,2.40011077697114,1.800083082728339,1.0470165600897339,0.014487109375325009,2.292333157333672
61,2087.0,-0.021806413934702035,2.4025278406660844,0.75,1.031663411293274,1.6981041195004531,-1.8018958804995469,2.4025278406660844,1.8018958804995469,1.0469803041343098,0.014629590242101403,2.29472114344367
62,2088.0,-0.022030497277414705,2.4047247361828754,0.75,1.0314953487862395,1.6964564478628603,-1.8035435521371397,2.4047247361828754,1.8035435521371397,1.0469473507015579,0.014759101214558694,2.2968917535074453
63,2089.0,-0.022234169068117905,2.4067215184446713,0.75,1.0313425949432122,1.6949588611665134,-1.8050411388334866,2.4067215184446713,1.8050411388334866,1.046917398967631,0.014876822220909853,2.2988647631780195
64,2090.0,-0.022419288576895666,2.4085364155895514,0.75,1.031203755311629,1.6935976883078536,-1.8064023116921464,2.4085364155895514,1.8064023116921464,1.0468901755104578,0.014983825969309838,2.3006581510951354
65,2091.0,-0.02258754571457684,2.41018599537074,0.75,1.031077562458368,1.6923605034719629,-1.8076394965280371,2.41018599537074,1.8076394965280371,1.04686543181374,0.01508108766951924,2.302288261820803
66,2092.0,-0.022740476459518738,2.4116853163995824,0.75,1.0309628643996616,1.6912360127003316,-1.8087639872996684,2.4116853163995824,1.8087639872996684,1.0468429419983074,0.015169493876829828,2.303769954063923
67,2093.0,-0.022879476879178802,2.413048065611936,0.75,1.0308586140849165,1.6902139507910667,-1.8097860492089333,2.413048065611936,1.8097860492089333,1.046822500760122,0.015249850536851933,2.305116735511289
68,2094.0,-0.02300581587447379,2.4142866832128673,0.75,1.0307638598384452,1.6892849875903684,-1.8107150124096316,2.4142866832128673,1.8107150124096316,1.046803921496108,0.015322890302835424,2.3063408854662413
69,2095.0,-0.02312064676326666,2.4154124762402485,0.75,1.0306777366718507,1.6884406428198329,-1.8115593571801671,2.4154124762402485,1.8115593571801671,1.0467870346006973,0.015389279190863893,2.3074535663900546
70,2096.0,-0.023225017808723943,2.416435721783947,0.75,1.0305994583877576,1.6876732086620592,-1.8123267913379408,2.416435721783947,1.8123267913379408,1.0467716859175418,0.0154496226324736,2.308464925344092
71,2097.0,-0.02331988178865442,2.4173657608028734,0.75,1.0305283104028098,1.6869756793978652,-1.8130243206021348,2.4173657608028734,1.8130243206021348,1.046757735332258,0.015504470978947806,2.309384186242065
72,2098.0,-0.02340610469318529,2.4182110833963133,0.75,1.0304636432244116,1.6863416874527855,-1.8136583125472145,2.4182110833963133,1.8136583125472145,1.0467450554933564,0.01555432450671661,2.310219733740755
73,2099.0,-0.023484473630174738,2.418979406307974,0.75,1.0304048665216696,1.68576544526904,-1.81423455473096,2.418979406307974,1.81423455473096,1.0467335306496814,0.01559963796886971,2.310979189523597
74,2100.0,-0.02355570401052752,2.419677743370256,0.75,1.030351443736405,1.6852416924723286,-1.8147583075276714,2.419677743370256,1.8147583075276714,1.0467230555937472,0.015640824733774077,2.311669481664096
75,2101.0,-0.023620446079006582,2.4203124695318157,0.75,1.0303028871850457,1.6847656478511592,-1.8152343521488408,2.4203124695318157,1.8152343521488408,1.0467135347013239,0.015678260548107757,2.312296907694466
76,2102.0,-0.02367929085015884,2.4208893790529165,0.75,1.0302587536066814,1.684332965710334,-1.815667034289666,2.4208893790529165,1.815667034289666,1.0467048810585073,0.015712286958282234,2.312867191948823
77,2103.0,-0.023732775503542775,2.421413738399818,0.75,1.0302186401166435,1.6839396962001585,-1.8160603037998415,2.421413738399818,1.8160603037998415,1.0466970156683038,0.015743214421165573,2.313385537699058
78,2104.0,-0.02378138828750956,2.421890334321061,0.75,1.0301821805286684,1.6835822492592267,-1.8164177507407733,2.421890334321061,1.8164177507407733,1.0466898667294853,0.015771325132244985,2.31385667455496
79,2105.0,-0.02382557297630313,2.422323517544527,0.75,1.0301490420120731,1.6832573618416276,-1.8167426381583724,2.422323517544527,1.8167426381583724,1.0466833689811332,0.01579687559682448,2.3142849015576457
80,2106.0,-0.023865732921166987,2.4227172424941723,0.75,1.0301189220534253,1.6829620681293935,-1.8170379318706065,2.4227172424941723,1.8170379318706065,1.0466774631068885,0.015820098967557716,2.314674126356689
81,2107.0,-0.023902234732439288,2.4230751033889986,0.75,1.030091545694971,1.6826936724582742,-1.8173063275417258,2.4230751033889986,1.8173063275417258,1.046672095193466,0.015841207169500618,2.3150279008261125
82,2108.0,-0.02393541162624916,2.423400367053801,0.75,1.0300666630246138,1.6824497247096726,-1.8175502752903274,2.423400367053801,1.8175502752903274,1.046667216238494,0.01586039283196351,2.315349453442329
83,2109.0,-0.02396556646636546,2.4236960027412153,0.75,1.0300440468945264,1.682227997944112,-1.817772002055888,2.4236960027412153,1.817772002055888,1.0466627817031828,0.015877831044697643,2.315641718717899
84,2110.0,-0.023992974528966215,2.423964709237301,0.75,1.0300234908475758,1.682026468072048,-1.817973531927952,2.423964709237301,1.817973531927952,1.0466587511057417,0.015893680954362208,2.315907363958411
85,2111.0,-0.024017886015567695,2.4242089394981003,0.75,1.0300048072326249,1.6818432953764493,-1.8181567046235507,2.4242089394981003,1.8181567046235507,1.0466550876518297,0.01590808721577965,2.3161488135855834
86,2112.0,-0.024040528337053,2.424430923042074,0.75,1.029987825491511,1.6816768077184694,-1.8183231922815306,2.424430923042074,1.8183231922815306,1.04665175789867,0.015921181311169617,2.3163682712476668
87,2113.0,-0.024061108189650533,2.424632686302834,0.75,1.0299723906020626,1.6815254852728994,-1.8184745147271006,2.424632686302834,1.8184745147271006,1.0466487314497586,0.01593308274935456,2.316567739918215
88,2114.0,-0.02407981344181344,2.4248160711279607,0.75,1.0299583616629404,1.6813879466540549,-1.8186120533459451,2.4248160711279607,1.8186120533459451,1.0466459806773818,0.015943900155849518,2.3167490401660333
89,2115.0,-0.024096814849224872,2.4249827515927787,0.75,1.0299456106073819,1.6812629363054417,-1.8187370636945583,2.4249827515927787,1.8187370636945583,1.0466434804704094,0.015953732263753063,2.3169138267625575
90,2116.0,-0.024112267613584967,2.425134249282584,0.75,1.029934021034112,1.6811493130380883,-1.8188506869619117,2.425134249282584,1.8188506869619117,1.0466412080050624,0.015962668814459402,2.317063603777823
91,2117.0,-0.024126312799409293,2.425271947182823,0.75,1.0299234871447436,1.6810460396129094,-1.8189539603870906,2.425271947182823,1.8189539603870906,1.0466391425365589,0.01597079137639019,2.3171997383024574
92,2118.0,-0.024139078621772392,2.4253971023040295,0.75,1.0299139127779713,1.6809521732720045,-1.8190478267279955,2.4253971023040295,1.8190478267279955,1.0466372652097409,0.015978174089203975,2.31732347292067
93,2119.0,-0.02415068161675192,2.4255108571567696,0.75,1.0299052105317366,1.6808668571324494,-1.8191331428675506,2.4255108571567696,1.8191331428675506,1.0466355588869496,0.01598488434026168,2.3174359370478417
94,2120.0,-0.024161227705258068,2.4256142501813396,0.75,1.0298973009653571,1.680789312364022,-1.819210687635978,2.4256142501813396,1.819210687635978,1.046634007991581,0.01599098337951054,2.317538157236002
95,2121.0,-0.024170813159959694,2.4257082252274342,0.75,1.0298901118743309,1.6807188310794516,-1.8192811689205484,2.4257082252274342,1.8192811689205484,1.0466325983658897,0.01599652687838974,2.317631066541114
96,2122.0,-0.024179525484134046,2.42579364017032,0.75,1.0298835776312,1.6806547698722873,-1.8193452301277127,2.42579364017032,1.8193452301277127,1.0466313171417465,0.016001565437849644,2.3177155130375215
97,2123.0,-0.024187444210462813,2.4258712747421707,0.75,1.0298776385864534,1.6805965439433996,-1.8194034560566004,2.4258712747421707,1.8194034560566004,1.0466301526231687,0.016006145050119637,2.317792267557179
98,2124.0,-0.024194641627066582,2.425941837650051,0.75,1.0298722405240006,1.68054362176249,-1.81945637823751,2.425941837650051,1.81945637823751,1.0466290941795504,0.016010307518429388,2.317862030724208
99,2125.0,-0.024201183437405453,2.4260059730455303,0.75,1.0298673341662465,1.680495520215881,-1.819504479784119,2.4260059730455303,1.819504479784119,1.0466281321486184,0.016014090838513653,2.3179254393489246
100,2126.0,-0.024207129360069895,2.426064266404986,0.75,1.0298628747242482,1.6804518001962896,-1.8195481998037104,2.426064266404986,1.8195481998037104,1.0466272577482265,0.016017529545376222,2.317983072239642
101,2127.0,-0.024212533673937178,2.426117249874273,0.75,1.0298588214888478,1.6804120625943246,-1.8195879374056754,2.426117249874273,1.8195879374056754,1.0466264629961872,0.016020655028479373,2.3180354554852403
102,2128.0,-0.024217445713670016,2.4261654071265553,0.75,1.029855137459048,1.680375944655113,-1.819624055344887,2.4261654071265553,1.819624055344887,1.0466257406374029,0.016023495818229493,2.3180830672566897
103,2129.0,-0.024221910320080656,2.4262091777776402,0.75,1.02985178900424,1.6803431166667995,-1.8196568833332005,2.4262091777776402,1.8196568833332005,1.0466250840776368,0.01602607784637478,2.318126342171318
104,2130.0,-0.02422596824947171,2.4262489613991214,0.75,1.0298487455571967,1.6803132789506896,-1.8196867210493104,2.4262489613991214,1.8196867210493104,1.0466244873233144,0.016028424682686986,2.318165675259636
105,2131.0,-0.024229656545690512,2.4262851211659724,0.75,1.0298459793350327,1.680286159125552,-1.819713840874448,2.4262851211659724,1.819713840874448,1.0466239449268118,0.016030557750092628,2.3182014255708983
106,2132.0,-0.024233008878293345,2.426317987171883,0.75,1.0298434650855806,1.6802615096211198,-1.8197384903788802,2.426317987171883,1.8197384903788802,1.046623451936723,0.016032496520206913,2.3182339194503103
107,2133.0,-0.02423605584990661,2.426347859442601,0.75,1.0298411798568707,1.6802391054180814,-1.8197608945819186,2.426347859442601,1.8197608945819186,1.0466230038526623,0.016034258691063497,2.318263453517756
108,2134.0,-0.024238825275590747,2.426375010674798,0.75,1.0298391027876075,1.6802187419939336,-1.8197812580060664,2.426375010674798,1.8197812580060664,1.0466225965841793,0.01603586034865621,2.3182902973752544
109,2135.0,-0.024241342436757123,2.4263996887254486,0.75,1.0298372149167327,1.680200233455946,-1.819799766544054,2.4263996887254486,1.819799766544054,1.0466222264134195,0.01603731611376713,2.318314696067817
110,2136.0,-0.024243630311955866,2.4264221188744557,0.75,1.0298354990103338,1.6801834108441913,-1.8198165891558087,2.4264221188744557,1.8198165891558087,1.0466218899611845,0.016038639275424784,2.318336872320187
111,2137.0,-0.024245709786641458,2.426442505881177,0.75,1.0298339394043194,1.6801681205891505,-1.8198318794108495,2.426442505881177,1.8198318794108495,1.0466215841560838,0.0160398419122042,2.318357028569859
112,2138.0,-0.024247599843830934,2.426461035853623,0.75,1.0298325218614275,1.6801542231098168,-1.8198457768901832,2.426461035853623,1.8198457768901832,1.046621306206497,0.01604093500248043,2.3183753488149277
113,2139.0,-0.02424931773739523,2.4264778779473906,0.75,1.0298312334412543,1.6801415915394915,-1.8198584084605085,2.4264778779473906,1.8198584084605085,1.0466210535750906,0.01604192852464127,2.318392000293639
114,2140.0,-0.024250879149565554,2.4264931859098446,0.75,1.0298300623821264,1.6801301105676514,-1.8198698894323486,2.4264931859098446,1.8198698894323486,1.0466208239556538,0.016042831548169992,2.3184071350109665
115,2141.0,-0.024252298334092637,2.4265070994836395,0.75,1.0298289979937312,1.6801196753873056,-1.8198803246126944,2.4265070994836395,1.8198803246126944,1.0466206152520467,0.016043652316433517,2.3184208911261406
116,2142.0,-0.024253588246365768,2.4265197456823957,0.75,1.0298280305595262,1.6801101907382385,-1.8198898092617615,2.4265197456823957,1.8198898092617615,1.0466204255590654,0.01604439832193161,2.3184333942138
117,2143.0,-0.024254760661679368,2.4265312399501764,0.75,1.029827151248041,1.6801015700374036,-1.8198984299625964,2.4265312399501764,1.8198984299625964,1.0466202531450488,0.016045076374688175,2.3184447584102776
118,2144.0,-0.024255826282726777,2.426541687215347,0.75,1.0298263520322555,1.680093734588526,-1.819906265411474,2.426541687215347,1.819906265411474,1.0466200964360712,0.016045692664417074,2.318455087455473
119,2145.0,-0.02425679483730254,2.426551182848443,0.75,1.0298256256163236,1.6800866128637049,-1.8199133871362951,2.426551182848443,1.8199133871362951,1.0466199540015748,0.016046252817023893,2.318464475639829
120,2146.0,-0.02425767516710507,2.4265598135327817,0.75,1.0298249653689717,1.6800801398504515,-1.8199198601495485,2.4265598135327817,1.8199198601495485,1.0466198245413096,0.01604676194596105,2.3184730086650545
121,2147.0,-0.024258475308450336,2.426567658055775,0.75,1.0298243652629628,1.6800742564582072,-1.8199257435417928,2.426567658055775,1.8199257435417928,1.0466197068734648,0.016047224698906362,2.3184807644264476
122,2148.0,-0.02425920256563346,2.4265747880281587,0.75,1.0298238198200755,1.6800689089789203,-1.8199310910210797,2.4265747880281587,1.8199310910210797,1.046619599923879,0.01604764530018835,2.318487813723959
123,2149.0,-0.024259863577607826,2.4265812685377117,0.75,1.0298233240610948,1.6800640485967562,-1.8199359514032438,2.4265812685377117,1.8199359514032438,1.0466195027162357,0.01604802758934905,2.3184942209084913
124,2150.0,-0.024260464378590467,2.426587158743424,0.75,1.0298228734603578,1.6800596309424727,-1.8199403690575273,2.426587158743424,1.8199403690575273,1.0466194143631502,0.016048375056192485,2.3185000444693262
125,2151.0,-0.024261010453146967,2.4265925124155463,0.75,1.0298224639044404,1.6800556156883815,-1.8199443843116185,2.4265925124155463,1.8199443843116185,1.0466193340580683,0.016048690872641505,2.3185053375680473
126,2152.0,-0.024261506786258717,2.426597378426446,0.75,1.0298220916546066,1.680051966180207,-1.819948033819793,2.426597378426446,1.819948033819793,1.0466192610679048,0.016048977921693748,2.318510148523827
127,2153.0,-0.024261957908829592,2.4266018011967487,0.75,1.0298217533126783,1.6800486491024802,-1.8199513508975198,2.4266018011967487,1.8199513508975198,1.0466191947263503,0.016049238823738446,2.3185145212545137
128,2154.0,-0.02426236793904748,2.426605821100846,0.75,1.029821445790015,1.6800456341744083,-1.8199543658255917,2.426605821100846,1.8199543658255917,1.0466191344277889,0.01604947596047683,2.31851849567754
129,2155.0,-0.02426274061997819,2.4266094748354607,0.75,1.0298211662793169,1.680042893873448,-1.819957106126552,2.4266094748354607,1.819957106126552,1.0466190796217696,0.016049691496664874,2.3185221080743115
130,2156.0,-0.024263079353735017,2.4266127957546453,0.75,1.0298209122289994,1.6800404031840603,-1.8199595968159397,2.4266127957546453,1.8199595968159397,1.0466190298079818,0.016049887399872988,2.318525391421408
131,2157.0,-0.024263387232535776,2.4266158141742604,0.75,1.0298206813198987,1.680038139369349,-1.819961860630651,2.4266158141742604,1.819961860630651,1.0466189845316876,0.01605006545844888,2.3185283756916144
132,2158.0,-0.024263667066930922,2.4266185576487227,0.75,1.0298204714441024,1.6800360817635032,-1.8199639182364968,2.4266185576487227,1.8199639182364968,1.0466189433795707,0.016050227297841058,2.3185310881275307
133,2159.0,-0.02426392141146037,2.426621051222541,0.75,1.0298202806857053,1.6800342115831401,-1.8199657884168599,2.426621051222541,1.8199657884168599,1.0466189059759634,0.016050374395438164,2.318533553490262
134,2160.0,-0.024264152587973275,2.4266233176589416,0.75,1.0298201073033206,1.68003251175584,-1.81996748824416,2.4266233176589416,1.81996748824416,1.0466188719794174,0.016050508094055387,2.3185357942854514
135,2161.0,-0.024264362706823618,2.4266253776476705,0.75,1.029819949714183,1.6800309667642936,-1.8199690332357064,2.4266253776476705,1.8199690332357064,1.0466188410795865,0.016050629614192246,2.3185378309687303
136,2162.0,-0.02426455368613512,2.4266272499938615,0.75,1.0298198064796993,1.6800295625046504,-1.8199704374953496,2.4266272499938615,1.8199704374953496,1.0466188129943936,0.016050740065174363,2.318539682132448
137,2163.0,-0.024264727269311313,2.4266289517897066,0.75,1.029819676292317,1.6800282861577673,-1.8199717138422327,2.4266289517897066,1.8199717138422327,1.046618787467456,0.016050840455280133,2.318541364675399
138,2164.0,-0.024264885040950666,2.4266304985704843,0.75,1.0298195579635876,1.6800271260721842,-1.8199728739278158,2.4266304985704843,1.8199728739278158,1.0466187642657443,0.016050931700944793,2.3185428939570825
139,2165.0,-0.024265028441311978,2.426631904456379,0.75,1.0298194504133167,1.680026071657763,-1.819973928342237,2.426631904456379,1.819973928342237,1.0466187431774558,0.01605101463512661,2.318544283937919
140,2166.0,-0.02426515877946216,2.4266331822813805,0.75,1.029819352659704,1.6800251132890123,-1.8199748867109877,2.4266331822813805,1.8199748867109877,1.0466187240100808,0.01605109001491081,2.3185455473066883
141,2167.0,-0.024265277245226386,2.4266343437104414,0.75,1.029819263810381,1.6800242422172171,-1.8199757577827829,2.4266343437104414,1.8199757577827829,1.046618706588645,0.01605115852841983,2.3185466955963623
142,2168.0,-0.02426538492004971,2.426635399345964,0.75,1.0298191830542633,1.6800234504905756,-1.8199765495094244,2.426635399345964,1.8199765495094244,1.0466186907541122,0.016051220801096545,2.3185477392893863
143,2169.0,-0.024265482786869328,2.426636358824587,0.75,1.0298191096541487,1.6800227308816085,-1.8199772691183915,2.426636358824587,1.8199772691183915,1.0466186763619327,0.01605127740141201,2.31854868791337
144,2170.0,-0.024265571739087555,2.426637230905158,0.75,1.029819042939985,1.6800220768211809,-1.8199779231788191,2.426637230905158,1.8199779231788191,1.0466186632807244,0.016051328846056943,2.318549550128063
145,2171.0,-0.024265652588727486,2.426638023548687,0.75,1.029818982302755,1.6800214823385349,-1.8199785176614651,2.426638023548687,1.8199785176614651,1.0466186513910714,0.016051375604655724,2.3185503338044073
146,2172.0,-0.02426572607384576,2.426638743991023,0.75,1.0298189271889162,1.6800209420067833,-1.8199790579932167,2.426638743991023,1.8199790579932167,1.0466186405844364,0.016051418104056688,2.3185510460963865
147,2173.0,-0.024265792865270093,2.4266393988089088,0.75,1.029818877095348,1.6800204508933698,-1.8199795491066302,2.4266393988089088,1.8199795491066302,1.046618630762168,0.016051456732225532,2.3185516935063375
148,2174.0,-0.024265853572723102,2.4266399939800167,0.75,1.0298188315647583,1.6800200045150395,-1.8199799954849605,2.4266399939800167,1.8199799954849605,1.0466186218346014,0.016051491841789552,2.318552281944303
149,2175.0,-0.02426590875038831,2.426640534937519,0.75,1.0298187901815095,1.6800195987969135,-1.8199804012030865,2.426640534937519,1.8199804012030865,1.046618613720239,0.0160515237532552,2.3185528167819878
