index,year,primary deficit,debt,MPC,consumption,assets,assets_chg,debt_chg,foreign_capital,income,savings_rate
0,2026.0,0.06,0.0,0.25,1.4824345999664952,3.5,0.0,0.0,0.0,1.5024345999664954,0.013311727512429655
1,2027.0,0.06,0.0594059405940594,0.25,1.4824345999664952,3.485148514851485,-0.014851485148514865,0.0594059405940594,0.014851485148515309,1.5021375702635251,0.013116621730973272
2,2028.0,0.06,0.11940005881776296,0.25,1.4824345999664952,3.4701499852955595,-0.029850014704440486,0.11940005881776296,0.029850014704440042,1.5018375996724065,0.012919505884087369
3,2029.0,0.06,0.17998817821199825,0.25,1.4824345999664952,3.455002955447001,-0.04499704455299902,0.17998817821199825,0.04499704455299902,1.5015346590754355,0.012720358463587577
4,2030.0,0.06,0.24117617997647348,0.25,1.4824345999664952,3.4397059550058824,-0.06029404499411761,0.24117617997647348,0.06029404499411761,1.501228719066613,0.01251915771489035
5,2031.0,0.06,0.30297000354059694,0.25,1.4824345999664952,3.4242574991148524,-0.07574250088514756,0.30297000354059694,0.07574250088514756,1.5009197499487925,0.012315881633863502
6,2032.0,0.06,0.3653756471400088,0.25,1.4824345999664952,3.408656088215,-0.09134391178500012,0.3653756471400088,0.09134391178499968,1.5006077217307954,0.012110507963626484
7,2033.0,0.06,0.4283991683988208,0.25,1.4824345999664952,3.392900207900297,-0.107099792099703,0.4283991683988208,0.107099792099703,1.5002926041245013,0.011903014191306478
8,2034.0,0.06,0.492046684917621,0.25,1.4824345999664952,3.3769883287705973,-0.12301167122940271,0.492046684917621,0.12301167122940271,1.4999743665419074,0.011693377544743656
9,2035.0,0.06,0.5563243748673004,0.25,1.4824345999664952,3.360918906283178,-0.13908109371682187,0.5563243748673004,0.13908109371682187,1.499652978092159,0.011481574989147734
10,2036.0,0.06,0.6212384775887588,0.25,1.4824345999664952,3.344690380602814,-0.1553096193971859,0.6212384775887588,0.1553096193971859,1.4993284075785516,0.01126758322370498
11,2037.0,0.06,0.6867952941985485,0.25,1.4824345999664952,3.328301176450367,-0.17169882354963306,0.6867952941985485,0.17169882354963306,1.4990006234955027,0.011051378678133814
12,2038.0,0.06,0.7530011882005143,0.25,1.4824345999664952,3.311749702949876,-0.18825029705012408,0.7530011882005143,0.18825029705012408,1.4986695940254928,0.010832937509187552
13,2039.0,0.06,0.8198625861034896,0.25,1.4824345999664952,3.295034353474132,-0.20496564652586802,0.8198625861034896,0.20496564652586802,1.498335287035978,0.010612235597105764
14,2040.0,0.06,0.8873859780451084,0.25,1.4824345999664952,3.2781535054887274,-0.22184649451127259,0.8873859780451084,0.22184649451127214,1.4979976700762698,0.010389248542010255
15,2041.0,0.06,0.9555779184217926,0.25,1.4824345999664952,3.261105520394557,-0.23889447960544308,0.9555779184217926,0.23889447960544352,1.4976567103743865,0.010163951660248026
16,2042.0,0.06,1.0244450265249787,0.25,1.4824345999664952,3.2438887433687604,-0.25611125663123957,1.0244450265249787,0.25611125663123957,1.4973123748338706,0.009936319980676123
17,2043.0,0.06,1.093993987183642,0.25,1.4824345999664952,3.2265015032040947,-0.2734984967959053,1.093993987183642,0.27349849679590577,1.4969646300305772,0.009706328240891873
18,2044.0,0.06,1.164231551413183,0.25,1.4824345999664952,3.208942112146709,-0.2910578878532908,1.164231551413183,0.2910578878532908,1.4966134422094295,0.009473950883403989
19,2045.0,0.06,1.2351645370707394,0.25,1.4824345999664952,3.1912088657323197,-0.30879113426768035,1.2351645370707394,0.3087911342676808,1.4962587772811418,0.009239162051745188
20,2046.0,0.06,1.3067998295169845,0.25,1.4824345999664952,3.1733000426207583,-0.32669995737924173,1.3067998295169845,0.3266999573792422,1.4959006008189104,0.009001935586524566
21,2047.0,0.06,1.3791443822844793,0.25,1.4824345999664952,3.1552139044288845,-0.3447860955711155,1.3791443822844793,0.3447860955711155,1.4955388780550731,0.008762245021419887
22,2048.0,0.06,1.4522052177526426,0.25,1.4824345999664952,3.136948695561844,-0.36305130443815603,1.4522052177526426,0.36305130443815603,1.4951735738777323,0.008520063579105805
23,2049.0,0.06,1.5259894278294015,0.25,1.4824345999664952,3.1185026430426546,-0.38149735695734543,1.5259894278294015,0.381497356957345,1.4948046528273484,0.008275364167121038
24,2050.0,0.06,1.6005041746395936,0.25,1.4824345999664952,3.0998739563401068,-0.40012604365989324,1.6005041746395936,0.4001260436598937,1.4944320790932974,0.008028119373669618
25,2051.0,0.052324243308779814,1.6757566912201838,0.25,1.4805156607936902,3.0810608271949596,-0.41893917280504045,1.6757566912201838,0.41893917280504045,1.4940558165103945,0.009062683982134948
26,2052.0,0.04534766445477968,1.7441545231221458,0.25,1.4787715160801902,3.063961369219469,-0.43603863078053084,1.7441545231221458,0.43603863078053084,1.4937138273508848,0.010003463178214591
27,2053.0,0.03900657595183699,1.8063220574647212,0.25,1.4771862439544545,3.048419485633826,-0.45158051436617397,1.8063220574647212,0.4515805143661744,1.4934029896791718,0.010858921427632314
28,2054.0,0.03324309155015245,1.8628268065008442,0.25,1.4757453728540333,3.034293298374795,-0.465706701625205,1.8628268065008442,0.465706701625205,1.4931204659339912,0.011636765737511504
29,2055.0,0.028004597806839168,1.9141845882980333,0.25,1.474435749418205,3.021453852925498,-0.47854614707450205,1.9141845882980333,0.4785461470745016,1.4928636770250052,0.012344012310302575
30,2056.0,0.023243273790639573,1.9608642355156765,0.25,1.4732454184141552,3.0097839411210874,-0.4902160588789126,1.9608642355156765,0.4902160588789126,1.4926302787889172,0.012987047529606822
31,2057.0,0.018915654536311624,2.0032918752639897,0.25,1.4721635136005733,2.9991770311840096,-0.5008229688159904,2.0032918752639897,0.5008229688159904,1.4924181405901755,0.013571683725040059
32,2058.0,0.014982234263566024,2.041854819114437,0.25,1.4711801585323867,2.989536295221398,-0.5104637047786018,2.041854819114437,0.5104637047786014,1.4922253258709233,0.014103210134336616
33,2059.0,0.011407105738436854,2.076905098772566,0.25,1.4702863764011045,2.980773725306866,-0.5192262746931342,2.076905098772566,0.5192262746931338,1.4920500744726326,0.014586439452590442
34,2060.0,0.00815763248490361,2.1087626796895584,0.25,1.469474008087721,2.9728093300776175,-0.5271906699223825,2.1087626796895584,0.5271906699223825,1.4918907865680477,0.01502575033115815
35,2061.0,0.005204150854464483,2.1377183819487655,0.25,1.4687356376801115,2.9655704045128157,-0.5344295954871843,2.1377183819487655,0.5344295954871843,1.4917460080567517,0.015425126162472573
36,2062.0,0.002519699233926742,2.1640365350912925,0.25,1.468064524774977,2.958990866227184,-0.5410091337728158,2.1640365350912925,0.5410091337728158,1.491614417291039,0.015788190462003967
37,2063.0,7.97719194181811e-05,2.1879573911158863,0.25,1.46745454294635,2.9530106522210358,-0.5469893477789642,2.1879573911158863,0.5469893477789647,1.491494813010916,0.01611823913489544
38,2064.0,-0.002137904590204451,2.2096993176808137,0.25,1.466900123818944,2.9475751705798037,-0.5524248294201963,2.2096993176808137,0.5524248294201968,1.4913861033780915,0.01641826989247454
39,2065.0,-0.004153574922712943,2.2294607915289366,0.25,1.4663962062358171,2.9426348021177735,-0.5573651978822265,2.2294607915289366,0.5573651978822269,1.4912872960088508,0.016691009062874722
40,2066.0,-0.005985639640775116,2.247422210333468,0.25,1.4659381900563015,2.9381444474166405,-0.5618555525833595,2.247422210333468,0.56185555258336,1.4911974889148283,0.016938936020411615
41,2067.0,-0.007650823216201924,2.263747539504319,0.25,1.4655218941624448,2.9340631151239274,-0.5659368848760726,2.263747539504319,0.5659368848760726,1.491115862268974,0.01716430544007746
42,2068.0,-0.009164326703570052,2.27858580898832,0.25,1.4651435182906027,2.9303535477529272,-0.5696464522470728,2.27858580898832,0.5696464522470723,1.491041670921554,0.017369167566554034
43,2069.0,-0.01053996650694029,2.2920724737272438,0.25,1.4647996083397603,2.9269818815681967,-0.5730181184318033,2.2920724737272438,0.5730181184318033,1.4909742375978592,0.017555386671381654
44,2070.0,-0.01179030050643918,2.3043306501929193,0.25,1.4644870248398856,2.923917337451778,-0.576082662548222,2.3043306501929193,0.576082662548222,1.4909129467155309,0.01772465785736276
45,2071.0,-0.012926742696082726,2.315472240287464,0.25,1.4642029142924746,2.9211319399281415,-0.5788680600718585,2.315472240287464,0.5788680600718585,1.4908572387650583,0.01787852235581093
46,2072.0,-0.0139596673793429,2.325598952868446,0.25,1.4639446831216596,2.9186002617828954,-0.5813997382171046,2.325598952868446,0.5813997382171046,1.4908066052021534,0.01801838144985364
47,2073.0,-0.01489850387363284,2.3348032322242305,0.25,1.463709973998087,2.91629919194395,-0.58370080805605,2.3348032322242305,0.58370080805605,1.4907605838053744,0.018145509145564405
48,2074.0,-0.015751822588244885,2.343169101975329,0.25,1.4634966443194342,2.9142077245061757,-0.5857922754938243,2.343169101975329,0.5857922754938247,1.490718754456619,0.0182610637021921
49,2075.0,-0.01652741326152593,2.3507729321055355,0.25,1.4633027466511137,2.912306766973624,-0.5876932330263762,2.3507729321055355,0.5876932330263767,1.490680735305968,0.018366098123106658
50,2076.0,-0.017232356071498207,2.3576841361248713,0.25,1.4631265109486207,2.91057896596879,-0.58942103403121,2.3576841361248713,0.5894210340312096,1.4906461792858712,0.01846156970021849
51,2077.0,-0.017873086269076972,2.3639658047285845,0.25,1.462966328399226,2.9090085488178623,-0.5909914511821377,2.3639658047285845,0.5909914511821377,1.4906147709428526,0.018548348696516788
52,2078.0,-0.018455452923905987,2.369675281736712,0.25,1.4628207367355188,2.9075811795658306,-0.5924188204341694,2.369675281736712,0.5924188204341689,1.490586223557812,0.01862722624392772
53,2079.0,-0.018984772319087212,2.3748646875718222,0.25,1.4626884068867234,2.9062838281070538,-0.5937161718929462,2.3748646875718222,0.5937161718929467,1.4905602765286365,0.01869892152689315
54,2080.0,-0.019465876482232126,2.379581395053635,0.25,1.4625681308459373,2.9051046512366008,-0.5948953487633992,2.379581395053635,0.5948953487633997,1.4905366929912274,0.018764088315841747
55,2081.0,-0.01990315729586285,2.3838684618539365,0.25,1.4624588106425296,2.9040328845365253,-0.5959671154634747,2.3838684618539365,0.5959671154634751,1.4905152576572258,0.018823320909035858
56,2082.0,-0.020300606589836123,2.387765023559557,0.25,1.4623594483190363,2.9030587441101203,-0.5969412558898797,2.387765023559557,0.5969412558898792,1.4904957748486978,0.018877159536072906
57,2083.0,-0.020661852581784105,2.3913066509315954,0.25,1.4622691368210492,2.9021733372671106,-0.5978266627328894,2.3913066509315954,0.5978266627328894,1.4904780667118376,0.018926095271579846
58,2084.0,-0.020990192998227915,2.3945256746222205,0.25,1.4621870517169382,2.901368581344455,-0.598631418655545,2.3945256746222205,0.598631418655545,1.4904619715933844,0.018970574503299028
59,2085.0,-0.021288625178718427,2.397451480313304,0.25,1.4621124436718156,2.9006371299216847,-0.5993628700783153,2.397451480313304,0.5993628700783153,1.490447342564929,0.01901100299481328
60,2086.0,-0.021559873437817723,2.40011077697114,0.25,1.4620446316070408,2.8999723057572258,-0.6000276942427742,2.40011077697114,0.6000276942427742,1.4904340460816399,0.01904774957955035
61,2087.0,-0.021806413934702035,2.4025278406660844,0.25,1.4619829964828197,2.8993680398334902,-0.6006319601665098,2.4025278406660844,0.6006319601665098,1.4904219607631652,0.01908114951941762
62,2088.0,-0.022030497277414705,2.4047247361828754,0.25,1.4619269756471416,2.898818815954292,-0.601181184045708,2.4047247361828754,0.601181184045708,1.4904109762855813,0.01911150755842381
63,2089.0,-0.022234169068117905,2.4067215184446713,0.25,1.4618760576994658,2.898319620388843,-0.6016803796111572,2.4067215184446713,0.6016803796111567,1.4904009923742723,0.019139100698909894
64,2090.0,-0.022419288576895666,2.4085364155895514,0.25,1.4618297778222713,2.897865896102623,-0.6021341038973769,2.4085364155895514,0.6021341038973773,1.4903919178885479,0.019164180725524064
65,2091.0,-0.02258754571457684,2.41018599537074,0.25,1.461787713537851,2.8974535011573264,-0.6025464988426736,2.41018599537074,0.6025464988426741,1.490383669989642,0.019186976499809452
66,2092.0,-0.022740476459518738,2.4116853163995824,0.25,1.4617494808516156,2.8970786709001155,-0.6029213290998845,2.4116853163995824,0.6029213290998845,1.4903761733844976,0.019207696046209307
67,2093.0,-0.022879476879178802,2.413048065611936,0.25,1.4617147307467007,2.8967379835970277,-0.6032620164029723,2.413048065611936,0.6032620164029723,1.490369359638436,0.01922652844841559
68,2094.0,-0.02300581587447379,2.4142866832128673,0.25,1.4616831459978767,2.896428329196795,-0.6035716708032051,2.4142866832128673,0.6035716708032055,1.4903631665504313,0.019243645573271153
69,2095.0,-0.02312064676326666,2.4154124762402485,0.25,1.4616544382756786,2.8961468809399498,-0.6038531190600502,2.4154124762402485,0.6038531190600498,1.4903575375852944,0.01925920363788752
70,2096.0,-0.023225017808723943,2.416435721783947,0.25,1.4616283455143142,2.8958910695540254,-0.6041089304459746,2.416435721783947,0.6041089304459746,1.4903524213575758,0.019273344634215185
71,2097.0,-0.02331988178865442,2.4173657608028734,0.25,1.4616046295193317,2.895658559799294,-0.6043414402007059,2.4173657608028734,0.6043414402007059,1.4903477711624813,0.01928619762401481
72,2098.0,-0.02340610469318529,2.4182110833963133,0.25,1.461583073793199,2.8954472291509346,-0.6045527708490654,2.4182110833963133,0.6045527708490654,1.4903435445495141,0.019297879916008617
73,2099.0,-0.023484473630174738,2.418979406307974,0.25,1.4615634815589515,2.8952551484230193,-0.6047448515769807,2.418979406307974,0.6047448515769807,1.4903397029349557,0.019308498135917954
74,2100.0,-0.02355570401052752,2.419677743370256,0.25,1.4615456739638635,2.8950805641574493,-0.6049194358425507,2.419677743370256,0.6049194358425503,1.4903362112496443,0.01931814919912604
75,2101.0,-0.023620446079006582,2.4203124695318157,0.25,1.4615294884467436,2.8949218826170604,-0.6050781173829396,2.4203124695318157,0.6050781173829396,1.4903330376188366,0.01932692119481804
76,2102.0,-0.02367929085015884,2.4208893790529165,0.25,1.4615147772539556,2.8947776552367857,-0.6052223447632143,2.4208893790529165,0.6052223447632148,1.4903301530712312,0.019334894189648937
77,2103.0,-0.023732775503542775,2.421413738399818,0.25,1.4615014060906095,2.8946465654000604,-0.6053534345999396,2.421413738399818,0.6053534345999392,1.4903275312744966,0.01934214095826007
78,2104.0,-0.02378138828750956,2.421890334321061,0.25,1.461489252894618,2.8945274164197503,-0.6054725835802497,2.421890334321061,0.6054725835802497,1.4903251482948903,0.019348727647294967
79,2105.0,-0.02382557297630313,2.422323517544527,0.25,1.4614782067224195,2.894419120613884,-0.6055808793861162,2.422323517544527,0.6055808793861157,1.4903229823787731,0.019354714378968515
80,2106.0,-0.023865732921166987,2.4227172424941723,0.25,1.4614681667362035,2.8943206893764732,-0.6056793106235268,2.4227172424941723,0.6056793106235272,1.4903210137540248,0.019360155799684264
81,2107.0,-0.023902234732439288,2.4230751033889986,0.25,1.4614590412833854,2.894231224152767,-0.605768775847233,2.4230751033889986,0.605768775847233,1.4903192244495507,0.019365101578706898
82,2108.0,-0.02393541162624916,2.423400367053801,0.25,1.461450747059933,2.894149908236567,-0.6058500917634331,2.423400367053801,0.6058500917634326,1.4903175981312267,0.019369596861428133
83,2109.0,-0.02396556646636546,2.4236960027412153,0.25,1.4614432083499038,2.8940759993147136,-0.6059240006852864,2.4236960027412153,0.6059240006852864,1.4903161199527897,0.01937368268136326
84,2110.0,-0.023992974528966215,2.423964709237301,0.25,1.4614363563342536,2.894008822690693,-0.6059911773093072,2.423964709237301,0.6059911773093072,1.4903147764203093,0.019377396334632584
85,2111.0,-0.024017886015567695,2.4242089394981003,0.25,1.4614301284626035,2.8939477651254935,-0.6060522348745065,2.4242089394981003,0.6060522348745065,1.4903135552690052,0.019380771720343266
86,2112.0,-0.024040528337053,2.424430923042074,0.25,1.4614244678822321,2.8938922692395006,-0.6061077307604994,2.424430923042074,0.606107730760499,1.4903124453512855,0.019383839649976285
87,2113.0,-0.024061108189650533,2.424632686302834,0.25,1.4614193229190826,2.893841828424311,-0.606158171575689,2.424632686302834,0.6061581715756894,1.4903114365349817,0.019386628128597115
88,2114.0,-0.02407981344181344,2.4248160711279607,0.25,1.4614146466060418,2.89379598221803,-0.6062040177819701,2.4248160711279607,0.6062040177819696,1.490310519610856,0.01938916261046006
89,2115.0,-0.024096814849224872,2.4249827515927787,0.25,1.4614103962541891,2.8937543121018257,-0.6062456878981743,2.4249827515927787,0.6062456878981743,1.4903096862085319,0.019391466231334035
90,2116.0,-0.024112267613584967,2.425134249282584,0.25,1.461406533063099,2.893716437679375,-0.6062835623206251,2.425134249282584,0.6062835623206251,1.4903089287200828,0.019393560019670537
91,2117.0,-0.024126312799409293,2.425271947182823,0.25,1.461403021766643,2.893682013204316,-0.606317986795684,2.425271947182823,0.606317986795684,1.4903082402305816,0.019395463088539615
92,2118.0,-0.024139078621772392,2.4253971023040295,0.25,1.4613998303110523,2.8936507244240146,-0.6063492755759854,2.4253971023040295,0.606349275575985,1.4903076144549756,0.0193971928100866
93,2119.0,-0.02415068161675192,2.4255108571567696,0.25,1.4613969295623073,2.8936222857108302,-0.6063777142891698,2.4255108571567696,0.6063777142891702,1.490307045680712,0.019398764974099474
94,2120.0,-0.024161227705258068,2.4256142501813396,0.25,1.4613942930401809,2.8935964374546876,-0.6064035625453124,2.4256142501813396,0.6064035625453119,1.4903065287155892,0.019400193932134328
95,2121.0,-0.024170813159959694,2.4257082252274342,0.25,1.4613918966765054,2.8935729436931648,-0.6064270563068352,2.4257082252274342,0.6064270563068348,1.4903060588403587,0.019401492728515185
96,2122.0,-0.024179525484134046,2.42579364017032,0.25,1.4613897185954619,2.893551589957444,-0.6064484100425558,2.42579364017032,0.6064484100425558,1.4903056317656442,0.019402673219401423
97,2123.0,-0.024187444210462813,2.4258712747421707,0.25,1.4613877389138796,2.893532181314482,-0.6064678186855179,2.4258712747421707,0.6064678186855179,1.490305243592785,0.019403746181011833
98,2124.0,-0.024194641627066582,2.425941837650051,0.25,1.4613859395597286,2.8935145405875127,-0.6064854594124873,2.425941837650051,0.6064854594124878,1.4903048907782457,0.019404721407990162
99,2125.0,-0.024201183437405453,2.4260059730455303,0.25,1.461384304107144,2.893498506738643,-0.6065014932613568,2.4260059730455303,0.6065014932613568,1.4903045701012683,0.019405607802812527
100,2126.0,-0.024207129360069895,2.426064266404986,0.25,1.4613828176264778,2.8934839333987803,-0.6065160666012197,2.426064266404986,0.6065160666012197,1.490304278634471,0.019406413457051273
101,2127.0,-0.024212533673937178,2.426117249874273,0.25,1.461381466548011,2.8934706875314586,-0.6065293124685414,2.426117249874273,0.6065293124685418,1.4903040137171246,0.0194071457252369
102,2128.0,-0.024217445713670016,2.4261654071265553,0.25,1.4613802385380779,2.8934586482183886,-0.6065413517816114,2.4261654071265553,0.6065413517816118,1.4903037729308632,0.019407811291991664
103,2129.0,-0.024221910320080656,2.4262091777776402,0.25,1.4613791223864752,2.893447705555617,-0.6065522944443829,2.4262091777776402,0.6065522944443824,1.4903035540776077,0.019408416233050414
104,2130.0,-0.02422596824947171,2.4262489613991214,0.25,1.4613781079041273,2.8934377596502476,-0.6065622403497524,2.4262489613991214,0.6065622403497528,1.4903033551595004,0.019408966070721498
105,2131.0,-0.024229656545690512,2.4262851211659724,0.25,1.4613771858300726,2.8934287197085355,-0.6065712802914645,2.4262851211659724,0.6065712802914645,1.490303174360666,0.019409465824296188
106,2132.0,-0.024233008878293345,2.426317987171883,0.25,1.461376347746922,2.8934205032070586,-0.6065794967929414,2.426317987171883,0.606579496792941,1.4903030100306365,0.019409920055868297
107,2133.0,-0.02423605584990661,2.426347859442601,0.25,1.4613755860040187,2.89341303513938,-0.6065869648606199,2.426347859442601,0.6065869648606199,1.490302860669283,0.019410332911978193
108,2134.0,-0.024238825275590747,2.426375010674798,0.25,1.4613748936475977,2.893406247331331,-0.6065937526686689,2.426375010674798,0.6065937526686689,1.490302724913122,0.01941070816146478
109,2135.0,-0.024241342436757123,2.4263996887254486,0.25,1.461374264357306,2.8934000778186686,-0.6065999221813314,2.4263996887254486,0.6065999221813314,1.4903026015228686,0.01941104922986927
110,2136.0,-0.024243630311955866,2.4264221188744557,0.25,1.4613736923885063,2.893394470281417,-0.6066055297185828,2.4264221188744557,0.6066055297185828,1.4903024893721237,0.019411359230705787
111,2137.0,-0.024245709786641458,2.426442505881177,0.25,1.461373172519835,2.8933893735297374,-0.6066106264702626,2.426442505881177,0.6066106264702622,1.4903023874370902,0.019411640993882855
112,2138.0,-0.024247599843830934,2.426461035853623,0.25,1.4613727000055377,2.893384741036627,-0.6066152589633731,2.426461035853623,0.6066152589633731,1.490302294787228,0.019411897091536477
113,2139.0,-0.02424931773739523,2.4264778779473906,0.25,1.4613722705321466,2.8933805305131846,-0.6066194694868154,2.4264778779473906,0.6066194694868159,1.4903022105767592,0.019412129861510745
114,2140.0,-0.024250879149565554,2.4264931859098446,0.25,1.4613718801791038,2.893376703522571,-0.6066232964774292,2.4264931859098446,0.6066232964774292,1.4903021340369467,0.019412341428698274
115,2141.0,-0.024252298334092637,2.4265070994836395,0.25,1.4613715253829722,2.893373225129123,-0.6066267748708771,2.4265070994836395,0.6066267748708771,1.4903020644690779,0.01941253372443807
116,2142.0,-0.024253588246365768,2.4265197456823957,0.25,1.4613712029049037,2.893370063579434,-0.6066299364205658,2.4265197456823957,0.6066299364205658,1.490302001238084,0.019412708504145997
117,2143.0,-0.024254760661679368,2.4265312399501764,0.25,1.4613709098010754,2.8933671900124898,-0.6066328099875102,2.4265312399501764,0.6066328099875102,1.490301943766745,0.019412867363338686
118,2144.0,-0.024255826282726777,2.426541687215347,0.25,1.4613706433958136,2.8933645781961976,-0.6066354218038024,2.426541687215347,0.6066354218038024,1.4903018915304194,0.019413011752199914
119,2145.0,-0.02425679483730254,2.426551182848443,0.25,1.4613704012571695,2.8933622042879237,-0.6066377957120763,2.426551182848443,0.6066377957120768,1.4903018440522537,0.019413142988817092
120,2146.0,-0.02425767516710507,2.4265598135327817,0.25,1.461370181174719,2.89336004661684,-0.6066399533831599,2.4265598135327817,0.6066399533831603,1.4903018008988322,0.019413262271215072
121,2147.0,-0.024258475308450336,2.426567658055775,0.25,1.4613699811393828,2.8933580854860916,-0.6066419145139084,2.426567658055775,0.6066419145139079,1.4903017616762173,0.019413370688291687
122,2148.0,-0.02425920256563346,2.4265747880281587,0.25,1.461369799325087,2.8933563029929963,-0.6066436970070037,2.4265747880281587,0.6066436970070033,1.4903017260263554,0.019413469229758364
123,2149.0,-0.024259863577607826,2.4265812685377117,0.25,1.4613696340720934,2.893354682865608,-0.606645317134392,2.4265812685377117,0.606645317134392,1.4903016936238076,0.019413558795174677
124,2150.0,-0.024260464378590467,2.426587158743424,0.25,1.4613694838718476,2.8933532103141806,-0.6066467896858194,2.426587158743424,0.6066467896858194,1.4903016641727789,0.01941364020216043
125,2151.0,-0.024261010453146967,2.4265925124155463,0.25,1.4613693473532086,2.89335187189615,-0.60664812810385,2.4265925124155463,0.60664812810385,1.4903016374044185,0.01941371419385929
126,2152.0,-0.024261506786258717,2.426597378426446,0.25,1.4613692232699307,2.8933506553934256,-0.6066493446065744,2.426597378426446,0.6066493446065744,1.4903016130743638,0.019413781445722325
127,2153.0,-0.024261957908829592,2.4266018011967487,0.25,1.4613691104892879,2.8933495497008503,-0.6066504502991497,2.4266018011967487,0.6066504502991492,1.4903015909605124,0.019413842571675246
128,2154.0,-0.02426236793904748,2.426605821100846,0.25,1.4613690079817334,2.8933485447248266,-0.6066514552751734,2.426605821100846,0.6066514552751734,1.490301570860992,0.01941389812972101
129,2155.0,-0.02426274061997819,2.4266094748354607,0.25,1.4613689148115008,2.8933476312911734,-0.6066523687088266,2.4266094748354607,0.6066523687088266,1.490301552592319,0.019413948627035226
130,2156.0,-0.024263079353735017,2.4266127957546453,0.25,1.4613688301280616,2.8933468010613774,-0.6066531989386226,2.4266127957546453,0.6066531989386226,1.490301535987723,0.019413994524595118
131,2157.0,-0.024263387232535776,2.4266158141742604,0.25,1.4613687531583612,2.8933460464564744,-0.6066539535435256,2.4266158141742604,0.6066539535435256,1.490301520895625,0.01941403624138827
132,2158.0,-0.024263667066930922,2.4266185576487227,0.25,1.4613686831997625,2.8933453605878596,-0.6066546394121404,2.4266185576487227,0.6066546394121399,1.4903015071782526,0.019414074158236393
133,2159.0,-0.02426392141146037,2.426621051222541,0.25,1.4613686196136302,2.893344737194405,-0.606655262805595,2.426621051222541,0.606655262805595,1.4903014947103834,0.019414108621273234
134,2160.0,-0.024264152587973275,2.4266233176589416,0.25,1.461368561819502,2.8933441705853054,-0.6066558294146946,2.4266233176589416,0.6066558294146951,1.4903014833782016,0.019414139945103357
135,2161.0,-0.024264362706823618,2.4266253776476705,0.25,1.4613685092897895,2.8933436555881236,-0.6066563444118764,2.4266253776476705,0.606656344411876,1.4903014730782578,0.019414168415673984
136,2162.0,-0.02426455368613512,2.4266272499938615,0.25,1.4613684615449616,2.893343187501577,-0.6066568124984228,2.4266272499938615,0.6066568124984233,1.4903014637165268,0.019414194292886135
137,2163.0,-0.024264727269311313,2.4266289517897066,0.25,1.4613684181491675,2.893342762052616,-0.6066572379473838,2.4266289517897066,0.6066572379473838,1.4903014552075478,0.01941421781296648
138,2164.0,-0.024264885040950666,2.4266304985704843,0.25,1.4613683787062577,2.893342375357422,-0.6066576246425779,2.4266304985704843,0.6066576246425779,1.4903014474736438,0.019414239190623742
139,2165.0,-0.024265028441311978,2.426631904456379,0.25,1.4613683428561672,2.8933420238859493,-0.6066579761140507,2.426631904456379,0.6066579761140503,1.4903014404442143,0.019414258621009574
140,2166.0,-0.02426515877946216,2.4266331822813805,0.25,1.4613683102716297,2.8933417044296994,-0.6066582955703006,2.4266331822813805,0.6066582955703002,1.4903014340550893,0.019414276281498943
141,2167.0,-0.024265277245226386,2.4266343437104414,0.25,1.4613682806551886,2.893341414072435,-0.606658585927565,2.4266343437104414,0.6066585859275655,1.490301428247944,0.0194142923333103
142,2168.0,-0.02426538492004971,2.426635399345964,0.25,1.461368253736483,2.8933411501635544,-0.6066588498364456,2.426635399345964,0.606658849836446,1.4903014229697664,0.01941430692297638
143,2169.0,-0.024265482786869328,2.426636358824587,0.25,1.461368229269778,2.8933409102938987,-0.6066590897061013,2.426636358824587,0.6066590897061008,1.4903014181723733,0.019414320183682943
144,2170.0,-0.024265571739087555,2.426637230905158,0.25,1.4613682070317233,2.8933406922737563,-0.6066593077262437,2.426637230905158,0.6066593077262432,1.4903014138119706,0.01941433223648388
145,2171.0,-0.024265652588727486,2.426638023548687,0.25,1.4613681868193134,2.8933404941128744,-0.6066595058871256,2.426638023548687,0.6066595058871256,1.4903014098487528,0.019414343191405704
146,2172.0,-0.02426572607384576,2.426638743991023,0.25,1.4613681684480337,2.893340314002291,-0.6066596859977089,2.426638743991023,0.6066596859977089,1.4903014062465412,0.019414353148453644
147,2173.0,-0.024265792865270093,2.4266393988089088,0.25,1.4613681517501778,2.89334015029782,-0.6066598497021798,2.4266393988089088,0.6066598497021793,1.4903014029724517,0.019414362198522873
148,2174.0,-0.024265853572723102,2.4266399939800167,0.25,1.4613681365733144,2.893340001505044,-0.6066599984949561,2.4266399939800167,0.6066599984949566,1.4903013999965962,0.019414370424229496
149,2175.0,-0.02426590875038831,2.426640534937519,0.25,1.4613681227788982,2.8933398662656686,-0.6066601337343314,2.426640534937519,0.6066601337343318,1.4903013972918087,0.019414377900663818
0,2026.0,0.06,0.0,0.5,1.4974345999664953,3.5,0.0,0.0,0.0,1.5024345999664954,0.0033279318781074506
1,2027.0,0.06,0.0594059405940594,0.5,1.4974345999664953,3.4702970297029703,-0.02970297029702973,0.0594059405940594,0.02970297029702973,1.5018405405605548,0.0029336940074976433
2,2028.0,0.06,0.11940005881776296,0.5,1.4974345999664953,3.4402999705911186,-0.059700029408881417,0.11940005881776296,0.05970002940888186,1.5012405993783178,0.0025352361329680135
3,2029.0,0.06,0.17998817821199825,0.5,1.4974345999664953,3.4100059108940015,-0.08999408910599849,0.17998817821199825,0.08999408910599804,1.5006347181843753,0.002132509783428081
4,2030.0,0.06,0.24117617997647348,0.5,1.4974345999664953,3.379411910011764,-0.12058808998823611,0.24117617997647348,0.12058808998823611,1.5000228381667307,0.0017254658625055286
5,2031.0,0.06,0.30297000354059694,0.5,1.4974345999664953,3.3485149982297027,-0.15148500177029733,0.30297000354059694,0.1514850017702969,1.4994048999310894,0.001314054639066894
6,2032.0,0.06,0.3653756471400088,0.5,1.4974345999664953,3.3173121764299967,-0.18268782357000335,0.3653756471400088,0.1826878235700029,1.4987808434950953,0.0008982257375672332
7,2033.0,0.06,0.4283991683988208,0.5,1.4974345999664953,3.285800415800591,-0.2141995841994091,0.4283991683988208,0.21419958419940954,1.4981506082825071,0.000477928128222473
8,2034.0,0.06,0.492046684917621,0.5,1.4974345999664953,3.253976657541191,-0.24602334245880897,0.492046684917621,0.24602334245880897,1.4975141331173192,5.3110117003245056e-05
9,2035.0,0.06,0.5563243748673004,0.5,1.4974345999664953,3.221837812566351,-0.27816218743364907,0.5563243748673004,0.27816218743364907,1.4968713562178224,-0.00037628066455627345
10,2036.0,0.06,0.6212384775887588,0.5,1.4974345999664953,3.1893807612056215,-0.31061923879437847,0.6212384775887588,0.3106192387943789,1.4962222151906077,-0.0008102972697361924
11,2037.0,0.06,0.6867952941985485,0.5,1.4974345999664953,3.1566023529007263,-0.3433976470992737,0.6867952941985485,0.34339764709927323,1.49556664702451,-0.0012489934472005994
12,2038.0,0.06,0.7530011882005143,0.5,1.4974345999664953,3.123499405899744,-0.37650059410025616,0.7530011882005143,0.37650059410025616,1.4949045880844902,-0.0016924236517642458
13,2039.0,0.06,0.8198625861034896,0.5,1.4974345999664953,3.0900687069482564,-0.4099312930517436,0.8198625861034896,0.40993129305174314,1.4942359741054605,-0.0021406430553579056
14,2040.0,0.06,0.8873859780451084,0.5,1.4974345999664953,3.0563070109774473,-0.4436929890225527,0.8873859780451084,0.44369298902255316,1.4935607401860442,-0.0025937075581998277
15,2041.0,0.06,0.9555779184217926,0.5,1.4974345999664953,3.022211040789105,-0.47778895921089504,0.9555779184217926,0.47778895921089504,1.4928788207822774,-0.0030516738001753183
16,2042.0,0.06,1.0244450265249787,0.5,1.4974345999664953,2.9877774867375124,-0.5122225132624876,1.0244450265249787,0.512222513262488,1.4921901497012455,-0.003514599172431061
17,2043.0,0.06,1.093993987183642,0.5,1.4974345999664953,2.953003006408181,-0.5469969935918191,1.093993987183642,0.5469969935918186,1.491494660094659,-0.003982541829187167
18,2044.0,0.06,1.164231551413183,0.5,1.4974345999664953,2.9178842242934104,-0.5821157757065896,1.164231551413183,0.5821157757065896,1.4907922844523636,-0.004455560699773661
19,2045.0,0.06,1.2351645370707394,0.5,1.4974345999664953,2.8824177314646326,-0.6175822685353674,1.2351645370707394,0.6175822685353669,1.490082954595788,-0.004933715500894023
20,2046.0,0.06,1.3067998295169845,0.5,1.4974345999664953,2.8466000852415103,-0.6533999147584897,1.3067998295169845,0.6533999147584897,1.4893666016713256,-0.005417066749124094
21,2047.0,0.06,1.3791443822844793,0.5,1.4974345999664953,2.8104278088577628,-0.6895721911422372,1.3791443822844793,0.6895721911422372,1.4886431561436506,-0.005905675773648159
22,2048.0,0.06,1.4522052177526426,0.5,1.4974345999664953,2.7738973911236813,-0.7261026088763187,1.4522052177526426,0.7261026088763192,1.487912547788969,-0.0063996047292403406
23,2049.0,0.06,1.5259894278294015,0.5,1.4974345999664953,2.737005286085302,-0.762994713914698,1.5259894278294015,0.762994713914698,1.4871747056882014,-0.006898916609495476
24,2050.0,0.06,1.6005041746395936,0.5,1.4974345999664953,2.6997479126802064,-0.8002520873197936,1.6005041746395936,0.8002520873197936,1.4864295582200995,-0.0074036752603154855
25,2051.0,0.052324243308779814,1.6757566912201838,0.5,1.4935967216208852,2.6621216543899116,-0.8378783456100884,1.6757566912201838,0.837878345610088,1.4856770330542937,-0.0053306932734297095
26,2052.0,0.04534766445477968,1.7441545231221458,0.5,1.4901084321938851,2.6279227384389303,-0.8720772615610697,1.7441545231221458,0.8720772615610697,1.4849930547352739,-0.0034447147360720434
27,2053.0,0.03900657595183699,1.8063220574647212,0.5,1.4869378879424138,2.5968389712676427,-0.9031610287323573,1.8063220574647212,0.9031610287323577,1.4843713793918483,-0.0017290205040311488
28,2054.0,0.03324309155015245,1.8628268065008442,0.5,1.4840561457415715,2.5685865967495816,-0.9314134032504184,1.8628268065008442,0.9314134032504189,1.483806331901487,-0.00016836013886291077
29,2055.0,0.028004597806839168,1.9141845882980333,0.5,1.481436898869915,2.542907705850987,-0.957092294149013,1.9141845882980333,0.957092294149013,1.483292754083515,0.0012511725743221743
30,2056.0,0.023243273790639573,1.9608642355156765,0.5,1.479056236861815,2.519567882242166,-0.9804321177578341,1.9608642355156765,0.9804321177578341,1.4828259576113387,0.0025422543557278546
31,2057.0,0.018915654536311624,2.0032918752639897,0.5,1.476892427234651,2.4983540623680094,-1.0016459376319906,2.0032918752639897,1.0016459376319906,1.4824016812138556,0.0037164380269005923
32,2058.0,0.014982234263566024,2.041854819114437,0.5,1.4749257170982784,2.4790725904427857,-1.0209274095572143,2.041854819114437,1.0209274095572143,1.4820160517753511,0.004784249582573036
33,2059.0,0.011407105738436854,2.076905098772566,0.5,1.4731381528357137,2.461547450613721,-1.038452549386279,2.076905098772566,1.038452549386279,1.4816655489787698,0.00575527732890432
34,2060.0,0.00815763248490361,2.1087626796895584,0.5,1.4715134162089472,2.4456186601552248,-1.0543813398447752,2.1087626796895584,1.0543813398447757,1.4813469731695998,0.006638253656138428
35,2061.0,0.005204150854464483,2.1377183819487655,0.5,1.4700366753937275,2.4311408090256212,-1.0688591909743788,2.1377183819487655,1.0688591909743792,1.4810574161470078,0.007441129988026336
36,2062.0,0.002519699233926742,2.1640365350912925,0.5,1.4686944495834586,2.4179817324543578,-1.0820182675456422,2.1640365350912925,1.0820182675456422,1.4807942346155825,0.008171145422689308
37,2063.0,7.97719194181811e-05,2.1879573911158863,0.5,1.4674744859262043,2.406021304442061,-1.0939786955579391,2.1879573911158863,1.0939786955579391,1.4805550260553366,0.008834889550834835
38,2064.0,-0.002137904590204451,2.2096993176808137,0.5,1.466365647671393,2.395150341159597,-1.1048496588404029,2.2096993176808137,1.1048496588404024,1.4803376067896874,0.009438359908044478
39,2065.0,-0.004153574922712943,2.2294607915289366,0.5,1.4653578125051387,2.385269604235536,-1.114730395764464,2.2294607915289366,1.1147303957644645,1.4801399920512062,0.009987014488799802
40,2066.0,-0.005985639640775116,2.247422210333468,0.5,1.4644417801461078,2.3762888948332703,-1.1237111051667297,2.247422210333468,1.1237111051667297,1.4799603778631607,0.010485819721376187
41,2067.0,-0.007650823216201924,2.263747539504319,0.5,1.4636091883583944,2.3681262302478445,-1.1318737697521555,2.263747539504319,1.131873769752156,1.4797971245714523,0.010939294275048634
42,2068.0,-0.009164326703570052,2.27858580898832,0.5,1.4628524366147102,2.3607070955058442,-1.1392929044941558,2.27858580898832,1.1392929044941553,1.4796487418766122,0.011351549044403306
43,2069.0,-0.01053996650694029,2.2920724737272438,0.5,1.4621646167130251,2.3539637631363823,-1.1460362368636177,2.2920724737272438,1.1460362368636172,1.479513875229223,0.011726323630124725
44,2070.0,-0.01179030050643918,2.3043306501929193,0.5,1.4615394497132757,2.347834674903545,-1.1521653250964552,2.3043306501929193,1.1521653250964548,1.4793912934645663,0.012067019611480668
45,2071.0,-0.012926742696082726,2.315472240287464,0.5,1.460971228618454,2.3422638798562727,-1.1577361201437273,2.315472240287464,1.1577361201437277,1.479279877563621,0.012376730882949166
46,2072.0,-0.0139596673793429,2.325598952868446,0.5,1.460454766276824,2.3372005235657816,-1.1627994764342184,2.325598952868446,1.162799476434218,1.479178610437811,0.012658271306022487
47,2073.0,-0.01489850387363284,2.3348032322242305,0.5,1.459985348029679,2.33259838388789,-1.1674016161121101,2.3348032322242305,1.1674016161121106,1.479086567644253,0.012914199907174266
48,2074.0,-0.015751822588244885,2.343169101975329,0.5,1.4595586886723728,2.3284154490123408,-1.1715845509876592,2.343169101975329,1.1715845509876592,1.4790029089467422,0.013146843834280518
49,2075.0,-0.01652741326152593,2.3507729321055355,0.5,1.4591708933357324,2.324613533947238,-1.1753864660527622,2.3507729321055355,1.1753864660527622,1.4789268706454402,0.013358319266378465
50,2076.0,-0.017232356071498207,2.3576841361248713,0.5,1.458818421930746,2.3211579319375697,-1.1788420680624303,2.3576841361248713,1.1788420680624299,1.4788577586052467,0.013550550455508525
51,2077.0,-0.017873086269076972,2.3639658047285845,0.5,1.4584980568319568,2.3180170976357135,-1.1819829023642865,2.3639658047285845,1.181982902364286,1.4787949419192097,0.013725287064419636
52,2078.0,-0.018455452923905987,2.369675281736712,0.5,1.4582068735045424,2.3151623591316497,-1.1848376408683503,2.369675281736712,1.1848376408683503,1.4787378471491284,0.013884119950110053
53,2079.0,-0.018984772319087212,2.3748646875718222,0.5,1.4579422138069518,2.312567656214095,-1.187432343785905,2.3748646875718222,1.187432343785905,1.4786859530907772,0.014028495530417727
54,2080.0,-0.019465876482232126,2.379581395053635,0.5,1.4577016617253793,2.3102093024731887,-1.1897906975268113,2.379581395053635,1.1897906975268118,1.478638786015959,0.014159728859130465
55,2081.0,-0.01990315729586285,2.3838684618539365,0.5,1.4574830213185639,2.308065769073038,-1.1919342309269618,2.3838684618539365,1.1919342309269618,1.4785959153479562,0.014279015524281253
56,2082.0,-0.020300606589836123,2.387765023559557,0.5,1.457284296671577,2.306117488220228,-1.1938825117797718,2.387765023559557,1.1938825117797718,1.4785569497309,0.0143874424743629
57,2083.0,-0.020661852581784105,2.3913066509315954,0.5,1.4571036736756031,2.3043466745342087,-1.1956533254657913,2.3913066509315954,1.1956533254657913,1.4785215334571795,0.0144859978680836
58,2084.0,-0.020990192998227915,2.3945256746222205,0.5,1.4569395034673813,2.3027371626888957,-1.1972628373111043,2.3945256746222205,1.1972628373111043,1.4784893432202733,0.01457558003492577
59,2085.0,-0.021288625178718427,2.397451480313304,0.5,1.4567902873771361,2.301274259843354,-1.1987257401566458,2.397451480313304,1.1987257401566458,1.4784600851633625,0.014657005626115329
60,2086.0,-0.021559873437817723,2.40011077697114,0.5,1.4566546632475865,2.2999446115144364,-1.2000553884855636,2.40011077697114,1.2000553884855636,1.478433492196784,0.01473101702859607
61,2087.0,-0.021806413934702035,2.4025278406660844,0.5,1.4565313929991444,2.2987360796669645,-1.2012639203330355,2.4025278406660844,1.2012639203330355,1.4784093215598346,0.014798289108193243
62,2088.0,-0.022030497277414705,2.4047247361828754,0.5,1.4564193513277879,2.2976376319085694,-1.2023623680914306,2.4047247361828754,1.2023623680914302,1.4783873526046667,0.01485943534228356
63,2089.0,-0.022234169068117905,2.4067215184446713,0.5,1.4563175154324364,2.2966392407776715,-1.2033607592223285,2.4067215184446713,1.2033607592223285,1.4783673847820489,0.014915013396932623
64,2090.0,-0.022419288576895666,2.4085364155895514,0.5,1.4562249556780476,2.295731792205232,-1.204268207794768,2.4085364155895514,1.204268207794768,1.4783492358106,0.014965530198567363
65,2091.0,-0.02258754571457684,2.41018599537074,0.5,1.456140827109207,2.294907002314638,-1.205092997685362,2.41018599537074,1.2050929976853624,1.4783327400127881,0.01501144654578189
66,2092.0,-0.022740476459518738,2.4116853163995824,0.5,1.456064361736736,2.2941573418002172,-1.2058426581997828,2.4116853163995824,1.2058426581997832,1.4783177468024997,0.015053181302799312
67,2093.0,-0.022879476879178802,2.413048065611936,0.5,1.4559948615269058,2.293475967194041,-1.2065240328059592,2.413048065611936,1.2065240328059588,1.478304119310376,0.015091115212394493
68,2094.0,-0.02300581587447379,2.4142866832128673,0.5,1.4559316920292584,2.2928566583935757,-1.2071433416064243,2.4142866832128673,1.2071433416064243,1.4782917331343668,0.01512559436268997
69,2095.0,-0.02312064676326666,2.4154124762402485,0.5,1.455874276584862,2.2922937618798853,-1.2077062381201147,2.4154124762402485,1.2077062381201147,1.478280475204093,0.015156933339147001
70,2096.0,-0.023225017808723943,2.416435721783947,0.5,1.4558220910621333,2.291782139108036,-1.2082178608919638,2.416435721783947,1.2082178608919634,1.478270242748656,0.015185418090256088
71,2097.0,-0.02331988178865442,2.4173657608028734,0.5,1.455774659072168,2.291317119598573,-1.208682880401427,2.4173657608028734,1.208682880401427,1.4782609423584667,0.015211308532865167
72,2098.0,-0.02340610469318529,2.4182110833963133,0.5,1.4557315476199026,2.2908944583018536,-1.2091055416981464,2.4182110833963133,1.2091055416981469,1.4782524891325324,0.015234840920745186
73,2099.0,-0.023484473630174738,2.418979406307974,0.5,1.4556923631514078,2.2905102968460236,-1.2094897031539764,2.418979406307974,1.2094897031539764,1.478244805903416,0.015256229997862466
74,2100.0,-0.02355570401052752,2.419677743370256,0.5,1.4556567479612315,2.290161128314882,-1.2098388716851178,2.419677743370256,1.2098388716851183,1.478237822532793,0.015275670955889522
75,2101.0,-0.023620446079006582,2.4203124695318157,0.5,1.455624376926992,2.2898437652341026,-1.2101562347658974,2.4203124695318157,1.210156234765897,1.4782314752711774,0.01529334121372167
76,2102.0,-0.02367929085015884,2.4208893790529165,0.5,1.455594954541416,2.2895553104735527,-1.2104446895264473,2.4208893790529165,1.2104446895264473,1.4782257061759665,0.015309402035156183
77,2103.0,-0.023732775503542775,2.421413738399818,0.5,1.455568212214724,2.289293130800102,-1.210706869199898,2.421413738399818,1.210706869199898,1.4782204625824975,0.015323999999431294
78,2104.0,-0.02378138828750956,2.421890334321061,0.5,1.4555439058227404,2.2890548328394806,-1.2109451671605194,2.421890334321061,1.210945167160519,1.478215696623285,0.015337268337992944
79,2105.0,-0.02382557297630313,2.422323517544527,0.5,1.4555218134783436,2.2888382412277477,-1.2111617587722523,2.422323517544527,1.2111617587722527,1.4782113647910504,0.015349328149641182
80,2106.0,-0.023865732921166987,2.4227172424941723,0.5,1.4555017335059117,2.288641378752925,-1.2113586212470748,2.4227172424941723,1.2113586212470748,1.4782074275415538,0.015360289505109908
81,2107.0,-0.023902234732439288,2.4230751033889986,0.5,1.4554834826002756,2.2884624483055127,-1.2115375516944873,2.4230751033889986,1.2115375516944873,1.4782038489326057,0.01537025245113265
82,2108.0,-0.02393541162624916,2.423400367053801,0.5,1.4554668941533706,2.288299816473112,-1.211700183526888,2.423400367053801,1.2117001835268884,1.4782005962959577,0.015379307923128081
83,2109.0,-0.02396556646636546,2.4236960027412153,0.5,1.4554518167333126,2.288151998629405,-1.211848001370595,2.4236960027412153,1.211848001370595,1.4781976399390835,0.015387538574820248
84,2110.0,-0.023992974528966215,2.423964709237301,0.5,1.4554381127020122,2.2880176453813625,-1.2119823546186375,2.423964709237301,1.2119823546186375,1.4781949528741225,0.015395019532344604
85,2111.0,-0.024017886015567695,2.4242089394981003,0.5,1.4554256569587114,2.2878955302509634,-1.2121044697490366,2.4242089394981003,1.2121044697490362,1.4781925105715146,0.015401819079708914
86,2112.0,-0.024040528337053,2.424430923042074,0.5,1.4554143357979688,2.287784538478977,-1.2122154615210232,2.424430923042074,1.2122154615210228,1.4781902907360749,0.01540799928185477
87,2113.0,-0.024061108189650533,2.424632686302834,0.5,1.45540404587167,2.2876836568485968,-1.2123163431514032,2.424632686302834,1.2123163431514037,1.4781882731034672,0.015413616550997012
88,2114.0,-0.02407981344181344,2.4248160711279607,0.5,1.4553946932455886,2.2875919644360336,-1.2124080355639664,2.4248160711279607,1.212408035563966,1.478186439255216,0.015418722161401392
89,2115.0,-0.024096814849224872,2.4249827515927787,0.5,1.455386192541883,2.287508624203625,-1.212491375796375,2.4249827515927787,1.2124913757963753,1.478184772450568,0.01542336271729342
90,2116.0,-0.024112267613584967,2.425134249282584,0.5,1.455378466159703,2.2874328753587228,-1.2125671246412772,2.425134249282584,1.2125671246412768,1.4781832574736697,0.015427580578163229
91,2117.0,-0.024126312799409293,2.425271947182823,0.5,1.4553714435667906,2.287364026408604,-1.212635973591396,2.425271947182823,1.2126359735913965,1.4781818804946674,0.015431414245345335
92,2118.0,-0.024139078621772392,2.4253971023040295,0.5,1.455365060655609,2.2873014488480012,-1.2126985511519988,2.4253971023040295,1.2126985511519983,1.4781806289434554,0.015434898713396093
93,2119.0,-0.02415068161675192,2.4255108571567696,0.5,1.4553592591581193,2.2872445714216316,-1.2127554285783684,2.4255108571567696,1.2127554285783688,1.478179491394928,0.015438065789475772
94,2120.0,-0.024161227705258068,2.4256142501813396,0.5,1.4553539861138662,2.2871928749093473,-1.2128071250906527,2.4256142501813396,1.2128071250906522,1.4781784574646823,0.015440944383646214
95,2121.0,-0.024170813159959694,2.4257082252274342,0.5,1.4553491933865155,2.2871458873863,-1.2128541126136998,2.4257082252274342,1.2128541126136998,1.4781775177142213,0.015443560772732111
96,2122.0,-0.024179525484134046,2.42579364017032,0.5,1.4553448372244282,2.2871031799148573,-1.2128968200851427,2.42579364017032,1.2128968200851427,1.4781766635647926,0.01544593884015381
97,2123.0,-0.024187444210462813,2.4258712747421707,0.5,1.455340877861264,2.287064362628932,-1.2129356373710678,2.4258712747421707,1.2129356373710678,1.478175887219074,0.015448100293917015
98,2124.0,-0.024194641627066582,2.425941837650051,0.5,1.455337279152962,2.2870290811749925,-1.2129709188250075,2.425941837650051,1.2129709188250075,1.4781751815899953,0.015450064864752897
99,2125.0,-0.024201183437405453,2.4260059730455303,0.5,1.4553340082477926,2.2869970134772535,-1.2130029865227465,2.4260059730455303,1.2130029865227465,1.4781745402360404,0.015451850486208894
100,2126.0,-0.024207129360069895,2.426064266404986,0.5,1.4553310352864604,2.286967866797526,-1.213032133202474,2.426064266404986,1.213032133202474,1.478173957302446,0.015453473458341919
101,2127.0,-0.024212533673937178,2.426117249874273,0.5,1.4553283331295266,2.286941375062882,-1.2130586249371178,2.426117249874273,1.2130586249371174,1.478173427467753,0.015454948596500002
102,2128.0,-0.024217445713670016,2.4261654071265553,0.5,1.4553258771096602,2.2869172964367417,-1.2130827035632583,2.4261654071265553,1.2130827035632583,1.4781729458952302,0.015456289366555164
103,2129.0,-0.024221910320080656,2.4262091777776402,0.5,1.455323644806455,2.2868954111111996,-1.2131045888888004,2.4262091777776402,1.2131045888888004,1.4781725081887194,0.015457508007818529
104,2130.0,-0.02422596824947171,2.4262489613991214,0.5,1.4553216158417595,2.2868755193004593,-1.2131244806995407,2.4262489613991214,1.2131244806995412,1.4781721103525045,0.015458615644761302
105,2131.0,-0.024229656545690512,2.4262851211659724,0.5,1.4553197716936501,2.2868574394170342,-1.2131425605829658,2.4262851211659724,1.2131425605829662,1.478171748754836,0.015459622388559163
106,2132.0,-0.024233008878293345,2.426317987171883,0.5,1.4553180955273486,2.2868410064140794,-1.2131589935859206,2.426317987171883,1.213158993585921,1.4781714200947769,0.015460537429388925
107,2133.0,-0.02423605584990661,2.426347859442601,0.5,1.455316572041542,2.28682607027872,-1.2131739297212798,2.426347859442601,1.2131739297212798,1.4781711213720699,0.015461369120317954
108,2134.0,-0.024238825275590747,2.426375010674798,0.5,1.4553151873286998,2.286812494662622,-1.2131875053373782,2.426375010674798,1.2131875053373786,1.478170849859748,0.01546212505355297
109,2135.0,-0.024241342436757123,2.4263996887254486,0.5,1.4553139287481167,2.2868001556372968,-1.2131998443627032,2.4263996887254486,1.2131998443627037,1.4781706030792412,0.015462812129743857
110,2136.0,-0.024243630311955866,2.4264221188744557,0.5,1.4553127848105174,2.2867889405627935,-1.2132110594372065,2.4264221188744557,1.2132110594372065,1.4781703787777511,0.015463436620975936
111,2137.0,-0.024245709786641458,2.426442505881177,0.5,1.4553117450731745,2.286778747059433,-1.213221252940567,2.426442505881177,1.213221252940567,1.478170174907684,0.01546400422802277
112,2138.0,-0.024247599843830934,2.426461035853623,0.5,1.4553108000445798,2.2867694820732103,-1.2132305179267897,2.426461035853623,1.2132305179267897,1.4781699896079596,0.015464520132385154
113,2139.0,-0.02424931773739523,2.4264778779473906,0.5,1.4553099410977977,2.2867610610263265,-1.2132389389736735,2.4264778779473906,1.2132389389736735,1.4781698211870218,0.015464989043590978
114,2140.0,-0.024250879149565554,2.4264931859098446,0.5,1.4553091603917125,2.2867534070450994,-1.2132465929549006,2.4264931859098446,1.213246592954901,1.4781696681073972,0.015465415242185693
115,2141.0,-0.024252298334092637,2.4265070994836395,0.5,1.455308450799449,2.2867464502582022,-1.2132535497417978,2.4265070994836395,1.2132535497417978,1.4781695289716594,0.015465802618806933
116,2142.0,-0.024253588246365768,2.4265197456823957,0.5,1.4553078058433124,2.286740127158825,-1.2132598728411752,2.4265197456823957,1.2132598728411752,1.4781694025096719,0.015466154709700038
117,2143.0,-0.024254760661679368,2.4265312399501764,0.5,1.4553072196356556,2.286734380024935,-1.2132656199750649,2.4265312399501764,1.2132656199750649,1.478169287566994,0.015466474728999759
118,2144.0,-0.024255826282726777,2.426541687215347,0.5,1.4553066868251319,2.2867291563923504,-1.2132708436076496,2.426541687215347,1.2132708436076491,1.4781691830943424,0.015466765598069825
119,2145.0,-0.02425679483730254,2.426551182848443,0.5,1.455306202547844,2.2867244085758025,-1.2132755914241975,2.426551182848443,1.213275591424198,1.4781690881380114,0.01546702997217104
120,2146.0,-0.02425767516710507,2.4265598135327817,0.5,1.4553057623829428,2.2867200932336336,-1.2132799067663664,2.4265598135327817,1.2132799067663669,1.478169001831168,0.015467270264700406
121,2147.0,-0.024258475308450336,2.426567658055775,0.5,1.45530536231227,2.2867161709721375,-1.2132838290278625,2.426567658055775,1.213283829027862,1.478168923385938,0.015467488669221978
122,2148.0,-0.02425920256563346,2.4265747880281587,0.5,1.4553049986836786,2.286712605985946,-1.213287394014054,2.4265747880281587,1.2132873940140545,1.4781688520862142,0.01546768717949015
123,2149.0,-0.024259863577607826,2.4265812685377117,0.5,1.4553046681776913,2.28670936573117,-1.21329063426883,2.4265812685377117,1.21329063426883,1.4781687872811187,0.015467867607651651
124,2150.0,-0.024260464378590467,2.426587158743424,0.5,1.4553043677772,2.286706420628314,-1.213293579371686,2.426587158743424,1.213293579371686,1.4781687283790617,0.015468031600786485
125,2151.0,-0.024261010453146967,2.4265925124155463,0.5,1.4553040947399218,2.286703743792253,-1.2132962562077472,2.4265925124155463,1.2132962562077472,1.4781686748423404,0.015468180655943915
126,2152.0,-0.024261506786258717,2.426597378426446,0.5,1.4553038465733659,2.2867013107868037,-1.2132986892131963,2.426597378426446,1.2132986892131967,1.4781686261822313,0.015468316133809383
127,2153.0,-0.024261957908829592,2.4266018011967487,0.5,1.4553036210120804,2.2866990994016527,-1.2133009005983473,2.4266018011967487,1.2133009005983473,1.4781685819545285,0.015468439271124642
128,2154.0,-0.02426236793904748,2.426605821100846,0.5,1.4553034159969715,2.2866970894496044,-1.2133029105503956,2.426605821100846,1.2133029105503956,1.4781685417554875,0.015468551191977818
129,2155.0,-0.02426274061997819,2.4266094748354607,0.5,1.4553032296565063,2.286695262582297,-1.2133047374177028,2.4266094748354607,1.2133047374177028,1.4781685052181412,0.015468652918065406
130,2156.0,-0.024263079353735017,2.4266127957546453,0.5,1.4553030602896277,2.286693602122705,-1.2133063978772949,2.4266127957546453,1.2133063978772949,1.4781684720089494,0.015468745378018876
131,2157.0,-0.024263387232535776,2.4266158141742604,0.5,1.4553029063502274,2.2866920929128978,-1.2133079070871022,2.4266158141742604,1.2133079070871027,1.4781684418247534,0.015468829415881161
132,2158.0,-0.024263667066930922,2.4266185576487227,0.5,1.4553027664330298,2.286690721175667,-1.2133092788243331,2.4266185576487227,1.2133092788243331,1.4781684143900087,0.015468905798812358
133,2159.0,-0.02426392141146037,2.426621051222541,0.5,1.455302639260765,2.2866894743887585,-1.2133105256112415,2.426621051222541,1.2133105256112415,1.4781683894542705,0.015468975224092924
134,2160.0,-0.024264152587973275,2.4266233176589416,0.5,1.4553025236725086,2.2866883411705587,-1.2133116588294413,2.4266233176589416,1.2133116588294417,1.4781683667899066,0.015469038325488653
135,2161.0,-0.024264362706823618,2.4266253776476705,0.5,1.4553024186130834,2.2866873111761947,-1.2133126888238053,2.4266253776476705,1.2133126888238053,1.4781683461900192,0.015469095679036015
136,2162.0,-0.02426455368613512,2.4266272499938615,0.5,1.4553023231234277,2.2866863750030997,-1.2133136249969003,2.4266272499938615,1.2133136249968999,1.4781683274665574,0.015469147808301295
137,2163.0,-0.024264727269311313,2.4266289517897066,0.5,1.4553022363318395,2.286685524105178,-1.2133144758948222,2.4266289517897066,1.2133144758948227,1.478168310448599,0.015469195189159471
138,2164.0,-0.024264885040950666,2.4266304985704843,0.5,1.4553021574460199,2.286684750714789,-1.2133152492852108,2.4266304985704843,1.2133152492852108,1.478168294980791,0.01546923825413826
139,2165.0,-0.024265028441311978,2.426631904456379,0.5,1.4553020857458392,2.2866840477718418,-1.2133159522281582,2.426631904456379,1.2133159522281582,1.478168280921932,0.015469277396367397
140,2166.0,-0.02426515877946216,2.4266331822813805,0.5,1.4553020205767642,2.286683408859341,-1.213316591140659,2.4266331822813805,1.213316591140659,1.478168268143682,0.015469312973166357
141,2167.0,-0.024265277245226386,2.4266343437104414,0.5,1.455301961343882,2.286682828144811,-1.2133171718551892,2.4266343437104414,1.2133171718551896,1.4781682565293917,0.015469345309307131
142,2168.0,-0.02426538492004971,2.426635399345964,0.5,1.4553019075064704,2.28668230032705,-1.2133176996729498,2.426635399345964,1.2133176996729498,1.4781682459730363,0.01546937469997786
143,2169.0,-0.024265482786869328,2.426636358824587,0.5,1.4553018585730606,2.286681820587739,-1.2133181794122612,2.426636358824587,1.2133181794122612,1.4781682363782502,0.015469401413479113
144,2170.0,-0.024265571739087555,2.426637230905158,0.5,1.4553018140969516,2.2866813845474536,-1.2133186154525464,2.426637230905158,1.2133186154525468,1.4781682276574444,0.015469425693671405
145,2171.0,-0.024265652588727486,2.426638023548687,0.5,1.4553017736721314,2.2866809882256898,-1.2133190117743102,2.426638023548687,1.2133190117743098,1.478168219731009,0.015469447762203145
146,2172.0,-0.02426572607384576,2.426638743991023,0.5,1.4553017369295724,2.286680628004522,-1.2133193719954778,2.426638743991023,1.2133193719954782,1.4781682125265858,0.015469467820532037
147,2173.0,-0.024265792865270093,2.4266393988089088,0.5,1.4553017035338602,2.2866803005955796,-1.2133196994044204,2.4266393988089088,1.2133196994044209,1.478168205978407,0.01546948605176583
148,2174.0,-0.024265853572723102,2.4266399939800167,0.5,1.4553016731801338,2.2866800030100256,-1.2133199969899744,2.4266399939800167,1.2133199969899744,1.4781682000266958,0.015469502622332841
149,2175.0,-0.02426590875038831,2.426640534937519,0.5,1.455301645591301,2.2866797325312747,-1.2133202674687253,2.426640534937519,1.2133202674687258,1.4781681946171208,0.015469517683501981
0,2026.0,0.06,0.0,0.75,1.5124345999664952,3.5,0.0,0.0,0.0,1.5024345999664954,-0.006655863756214605
1,2027.0,0.06,0.0594059405940594,0.75,1.5124345999664952,3.4554455445544554,-0.044554455445544594,0.0594059405940594,0.04455445544554415,1.5015435108575845,-0.007253262413082118
2,2028.0,0.06,0.11940005881776296,0.75,1.5124345999664952,3.4104499558866777,-0.08955004411332235,0.11940005881776296,0.0895500441133219,1.5006435990842288,-0.007857295955856441
3,2029.0,0.06,0.17998817821199825,0.75,1.5124345999664952,3.3650088663410016,-0.1349911336589984,0.17998817821199825,0.13499113365899795,1.4997347772933154,-0.008468045727458655
4,2030.0,0.06,0.24117617997647348,0.75,1.5124345999664952,3.319117865017646,-0.18088213498235417,0.24117617997647348,0.18088213498235461,1.4988169572668482,-0.009085594230585272
5,2031.0,0.06,0.30297000354059694,0.75,1.5124345999664952,3.2727724973445533,-0.22722750265544667,0.30297000354059694,0.2272275026554471,1.4978900499133865,-0.009710025147673388
6,2032.0,0.06,0.3653756471400088,0.75,1.5124345999664952,3.225968264644995,-0.2740317353550048,0.3653756471400088,0.27403173535500436,1.4969539652593953,-0.010341423361283799
7,2033.0,0.06,0.4283991683988208,0.75,1.5124345999664952,3.1787006237008875,-0.32129937629911254,0.4283991683988208,0.32129937629911254,1.4960086124405132,-0.01097987497490772
8,2034.0,0.06,0.492046684917621,0.75,1.5124345999664952,3.130964986311788,-0.3690350136882121,0.492046684917621,0.3690350136882117,1.4950538996927312,-0.011625467334211952
9,2035.0,0.06,0.5563243748673004,0.75,1.5124345999664952,3.0827567188495295,-0.4172432811504705,0.5563243748673004,0.41724328115047093,1.494089734343486,-0.012278289048729765
10,2036.0,0.06,0.6212384775887588,0.75,1.5124345999664952,3.034071141808436,-0.46592885819156393,0.6212384775887588,0.46592885819156393,1.493116022802664,-0.012938430014011265
11,2037.0,0.06,0.6867952941985485,0.75,1.5124345999664952,2.9849035293510946,-0.5150964706489054,0.6867952941985485,0.5150964706489054,1.4921326705535172,-0.013605981434242635
12,2038.0,0.06,0.7530011882005143,0.75,1.5124345999664952,2.9352491088496206,-0.5647508911503794,0.7530011882005143,0.5647508911503794,1.4911395821434879,-0.014281035845347307
13,2039.0,0.06,0.8198625861034896,0.75,1.5124345999664952,2.8851030604223893,-0.6148969395776107,0.8198625861034896,0.6148969395776103,1.4901366611749431,-0.014963687138581358
14,2040.0,0.06,0.8873859780451084,0.75,1.5124345999664952,2.834460516466176,-0.665539483533824,0.8873859780451084,0.6655394835338235,1.4891238102958189,-0.015654030584633247
15,2041.0,0.06,0.9555779184217926,0.75,1.5124345999664952,2.783316561183664,-0.7166834388163359,0.9555779184217926,0.7166834388163359,1.4881009311901687,-0.016352162858244194
16,2042.0,0.06,1.0244450265249787,0.75,1.5124345999664952,2.731666230106275,-0.7683337698937249,1.0244450265249787,0.7683337698937249,1.487067924568621,-0.01705818206335991
17,2043.0,0.06,1.093993987183642,0.75,1.5124345999664952,2.6795045096122787,-0.8204954903877213,1.093993987183642,0.8204954903877208,1.4860246901587408,-0.017772187758827346
18,2044.0,0.06,1.164231551413183,0.75,1.5124345999664952,2.626826336440123,-0.8731736635598768,1.164231551413183,0.8731736635598768,1.4849711266952978,-0.018494280984651498
19,2045.0,0.06,1.2351645370707394,0.75,1.5124345999664952,2.5736265971969563,-0.9263734028030437,1.2351645370707394,0.9263734028030441,1.4839071319104344,-0.01922456428882682
20,2046.0,0.06,1.3067998295169845,0.75,1.5124345999664952,2.519900127862273,-0.980099872137727,1.3067998295169845,0.9800998721377265,1.4828326025237408,-0.01996314175475545
21,2047.0,0.06,1.3791443822844793,0.75,1.5124345999664952,2.465641713286652,-1.0343582867133478,1.3791443822844793,1.0343582867133474,1.4817474342322283,-0.020710119029271362
22,2048.0,0.06,1.4522052177526426,0.75,1.5124345999664952,2.4108460866855297,-1.0891539133144703,1.4522052177526426,1.0891539133144708,1.4806515217002059,-0.021465603351282413
23,2049.0,0.06,1.5259894278294015,0.75,1.5124345999664952,2.355507929127961,-1.144492070872039,1.5259894278294015,1.1444920708720385,1.4795447585490547,-0.022229703581049243
24,2050.0,0.06,1.6005041746395936,0.75,1.5124345999664952,2.2996218690203167,-1.2003781309796833,1.6005041746395936,1.2003781309796828,1.4784270373469017,-0.023002530230116364
25,2051.0,0.052324243308779814,1.6757566912201838,0.75,1.5066777824480801,2.243182481584875,-1.256817518415125,1.6757566912201838,1.256817518415125,1.4772982495981928,-0.019887340188670936
26,2052.0,0.04534766445477968,1.7441545231221458,0.75,1.50144534830758,2.1918841076584035,-1.3081158923415965,1.7441545231221458,1.308115892341597,1.4762722821196634,-0.017051777299356027
27,2053.0,0.03900657595183699,1.8063220574647212,0.75,1.496689531930373,2.1452584569014723,-1.3547415430985277,1.8063220574647212,1.3547415430985277,1.475339769104525,-0.014471082033399398
28,2054.0,0.03324309155015245,1.8628268065008442,0.75,1.4923669186291095,2.1028798951243806,-1.3971201048756194,1.8628268065008442,1.3971201048756194,1.474492197868983,-0.012122628241750052
29,2055.0,0.028004597806839168,1.9141845882980333,0.75,1.4884380483216246,2.0643615587764894,-1.4356384412235106,1.9141845882980333,1.4356384412235101,1.473721831142025,-0.009985749595767075
30,2056.0,0.023243273790639573,1.9608642355156765,0.75,1.484867055309475,2.0293518233632577,-1.4706481766367423,1.9608642355156765,1.4706481766367423,1.4730216364337605,-0.008041578333087242
31,2057.0,0.018915654536311624,2.0032918752639897,0.75,1.481621340868729,1.9975310935520227,-1.5024689064479773,2.0032918752639897,1.5024689064479766,1.4723852218375357,-0.0062728957708952674
32,2058.0,0.014982234263566024,2.041854819114437,0.75,1.4786712756641698,1.9686088856641875,-1.5313911143358125,2.041854819114437,1.531391114335813,1.4718067776797792,-0.004663994002807957
33,2059.0,0.011407105738436854,2.076905098772566,0.75,1.475989929270323,1.942321175920591,-1.557678824079409,2.076905098772566,1.5576788240794084,1.4712810234849072,-0.003200548168739446
34,2060.0,0.00815763248490361,2.1087626796895584,0.75,1.473552824330173,1.918427990232847,-1.581572009767153,2.1087626796895584,1.5815720097671537,1.4708031597711524,-0.0018694986754369109
35,2061.0,0.005204150854464483,2.1377183819487655,0.75,1.4713377131073437,1.8967112135384416,-1.6032887864615584,2.1377183819487655,1.6032887864615581,1.4703688242372641,-0.0006589427455946094
36,2062.0,0.002519699233926742,2.1640365350912925,0.75,1.4693243743919404,1.8769725986815464,-1.6230274013184536,2.1640365350912925,1.6230274013184527,1.4699740519401263,0.00044196531723021383
37,2063.0,7.97719194181811e-05,2.1879573911158863,0.75,1.467494428906059,1.8590319566631015,-1.6409680433368985,2.1879573911158863,1.6409680433368976,1.4696152390997574,0.0014431057444652111
38,2064.0,-0.002137904590204451,2.2096993176808137,0.75,1.465831171523842,1.842725511739406,-1.657274488260594,2.2096993176808137,1.6572744882605939,1.4692891102012835,0.0023534773744888645
39,2065.0,-0.004153574922712943,2.2294607915289366,0.75,1.4643194187744606,1.8279044063533145,-1.6720955936466855,2.2294607915289366,1.6720955936466861,1.4689926880935618,0.0031812747313031717
40,2066.0,-0.005985639640775116,2.247422210333468,0.75,1.4629453702359139,1.8144333422499168,-1.6855666577500832,2.247422210333468,1.6855666577500834,1.4687232668114938,0.003933958633421375
41,2067.0,-0.007650823216201924,2.263747539504319,0.75,1.461696482554344,1.802189345371779,-1.697810654628221,2.263747539504319,1.6978106546282206,1.4684783868739308,0.004618320828013075
42,2068.0,-0.009164326703570052,2.27858580898832,0.75,1.4605613549388177,1.7910606432587781,-1.7089393567412219,2.27858580898832,1.7089393567412223,1.468255812831671,0.005240543116266494
43,2069.0,-0.01053996650694029,2.2920724737272438,0.75,1.4595296250862901,1.7809456447045855,-1.7190543552954145,2.2920724737272438,1.7190543552954143,1.4680535128605872,0.00580625140679493
44,2070.0,-0.01179030050643918,2.3043306501929193,0.75,1.458591874586666,1.7717520123553294,-1.7282479876446706,2.3043306501929193,1.7282479876446715,1.467869640213602,0.0063205651052132715
45,2071.0,-0.012926742696082726,2.315472240287464,0.75,1.4577395429444333,1.7633958197844213,-1.7366041802155787,2.315472240287464,1.7366041802155792,1.4677025163621837,0.006788142220021838
46,2072.0,-0.0139596673793429,2.325598952868446,0.75,1.456964849431988,1.7558007853486848,-1.7441992146513152,2.325598952868446,1.7441992146513154,1.467550615673469,0.00721322053796633
47,2073.0,-0.01489850387363284,2.3348032322242305,0.75,1.4562607220612707,1.7488975758318472,-1.7511024241681528,2.3348032322242305,1.7511024241681525,1.4674125514831322,0.00759965519620931
48,2074.0,-0.015751822588244885,2.343169101975329,0.75,1.4556207330253117,1.742623173518524,-1.757376826481476,2.343169101975329,1.757376826481476,1.4672870634368658,0.007950952954105459
49,2075.0,-0.01652741326152593,2.3507729321055355,0.75,1.4550390400203508,1.7369203009208694,-1.7630796990791306,2.3507729321055355,1.76307969907913,1.4671730059849128,0.008270303444150771
50,2076.0,-0.017232356071498207,2.3576841361248713,0.75,1.4545103329128717,1.7317368979063674,-1.7682631020936326,2.3576841361248713,1.7682631020936324,1.4670693379246227,0.008560607659838008
51,2077.0,-0.017873086269076972,2.3639658047285845,0.75,1.4540297852646875,1.7270256464535825,-1.7729743535464175,2.3639658047285845,1.7729743535464166,1.466975112895567,0.00882450391767559
52,2078.0,-0.018455452923905987,2.369675281736712,0.75,1.4535930102735657,1.7227435386974874,-1.7772564613025126,2.369675281736712,1.7772564613025121,1.4668894707404452,0.009064391511493913
53,2079.0,-0.018984772319087212,2.3748646875718222,0.75,1.45319602072718,1.7188514843211555,-1.7811485156788445,2.3748646875718222,1.7811485156788436,1.4668116296529186,0.009282452259367769
54,2080.0,-0.019465876482232126,2.379581395053635,0.75,1.452835192604821,1.7153139537097961,-1.7846860462902039,2.379581395053635,1.7846860462902043,1.4667408790406913,0.009480670126931412
55,2081.0,-0.01990315729586285,2.3838684618539365,0.75,1.4525072319945982,1.7120986536095704,-1.7879013463904296,2.3838684618539365,1.787901346390429,1.4666765730386868,0.009660849095538718
56,2082.0,-0.020300606589836123,2.387765023559557,0.75,1.4522091450241181,1.7091762323303556,-1.7908237676696444,2.387765023559557,1.7908237676696448,1.4666181246131025,0.009824629429549342
57,2083.0,-0.020661852581784105,2.3913066509315954,0.75,1.4519382105301573,1.7065200118013266,-1.7934799881986734,2.3913066509315954,1.7934799881986727,1.466565000202522,0.009973502483929989
58,2084.0,-0.020990192998227915,2.3945256746222205,0.75,1.4516919552178242,1.7041057440333576,-1.7958942559666424,2.3945256746222205,1.7958942559666422,1.4665167148471625,0.010108824181307253
59,2085.0,-0.021288625178718427,2.397451480313304,0.75,1.4514681310824564,1.7019113897650453,-1.7980886102349547,2.397451480313304,1.798088610234954,1.4664728277617962,0.01023182727650038
60,2086.0,-0.021559873437817723,2.40011077697114,0.75,1.451264694888132,1.6999169172716684,-1.8000830827283316,2.40011077697114,1.8000830827283316,1.4664329383119288,0.01034363251636828
61,2087.0,-0.021806413934702035,2.4025278406660844,0.75,1.4510797895154688,1.6981041195004605,-1.8018958804995395,2.4025278406660844,1.80189588049954,1.4663966823565047,0.010445258793426603
62,2088.0,-0.022030497277414705,2.4047247361828754,0.75,1.4509117270084342,1.6964564478628676,-1.8035435521371324,2.4047247361828754,1.803543552137132,1.4663637289237528,0.010537632383105717
63,2089.0,-0.022234169068117905,2.4067215184446713,0.75,1.450758973165407,1.694958861166521,-1.805041138833479,2.4067215184446713,1.805041138833479,1.4663337771898257,0.010621595346638835
64,2090.0,-0.022419288576895666,2.4085364155895514,0.75,1.4506201335338236,1.6935976883078614,-1.8064023116921386,2.4085364155895514,1.806402311692139,1.4663065537326525,0.01069791317436135
65,2091.0,-0.02258754571457684,2.41018599537074,0.75,1.4504939406805626,1.6923605034719706,-1.8076394965280294,2.41018599537074,1.8076394965280294,1.4662818100359347,0.010767281737598049
66,2092.0,-0.022740476459518738,2.4116853163995824,0.75,1.4503792426218562,1.6912360127003394,-1.8087639872996606,2.4116853163995824,1.8087639872996597,1.466259320220502,0.01083033361128626
67,2093.0,-0.022879476879178802,2.413048065611936,0.75,1.4502749923071112,1.6902139507910745,-1.8097860492089255,2.413048065611936,1.8097860492089257,1.4662388789823169,0.010887643823962588
68,2094.0,-0.02300581587447379,2.4142866832128673,0.75,1.45018023806064,1.6892849875903762,-1.8107150124096238,2.4142866832128673,1.8107150124096236,1.466220299718303,0.010939735086701992
69,2095.0,-0.02312064676326666,2.4154124762402485,0.75,1.4500941148940454,1.6884406428198406,-1.8115593571801594,2.4154124762402485,1.81155935718016,1.4662034128228922,0.010987082548001648
70,2096.0,-0.023225017808723943,2.416435721783947,0.75,1.4500158366099523,1.6876732086620667,-1.8123267913379333,2.416435721783947,1.8123267913379326,1.4661880641397367,0.011030118117400737
71,2097.0,-0.02331988178865442,2.4173657608028734,0.75,1.4499446886250045,1.6869756793978723,-1.8130243206021277,2.4173657608028734,1.8130243206021284,1.4661741135544528,0.011069234396795666
72,2098.0,-0.02340610469318529,2.4182110833963133,0.75,1.4498800214466063,1.6863416874527928,-1.8136583125472072,2.4182110833963133,1.8136583125472079,1.4661614337155513,0.011104788254922626
73,2099.0,-0.023484473630174738,2.418979406307974,0.75,1.4498212447438643,1.6857654452690474,-1.8142345547309526,2.418979406307974,1.8142345547309517,1.4661499088718764,0.011137104077287751
74,2100.0,-0.02355570401052752,2.419677743370256,0.75,1.4497678219585997,1.685241692472336,-1.814758307527664,2.419677743370256,1.814758307527665,1.4661394338159421,0.011166476720929505
75,2101.0,-0.023620446079006582,2.4203124695318157,0.75,1.4497192654072404,1.684765647851167,-1.815234352148833,2.4203124695318157,1.815234352148833,1.4661299129235188,0.011193174200746614
76,2102.0,-0.02367929085015884,2.4208893790529165,0.75,1.449675131828876,1.6843329657103419,-1.8156670342896581,2.4208893790529165,1.8156670342896586,1.4661212592807022,0.011217440131722014
77,2103.0,-0.023732775503542775,2.421413738399818,0.75,1.4496350183388382,1.6839396962001665,-1.8160603037998335,2.421413738399818,1.8160603037998335,1.4661133938904987,0.011239495949172925
78,2104.0,-0.02378138828750956,2.421890334321061,0.75,1.449598558750863,1.6835822492592347,-1.8164177507407653,2.421890334321061,1.816417750740765,1.46610624495168,0.011259542927164154
79,2105.0,-0.02382557297630313,2.422323517544527,0.75,1.449565420234268,1.6832573618416358,-1.8167426381583642,2.422323517544527,1.816742638158365,1.4660997472033281,0.011277764013396975
80,2106.0,-0.023865732921166987,2.4227172424941723,0.75,1.44953530027562,1.6829620681294017,-1.8170379318705983,2.4227172424941723,1.8170379318705976,1.4660938413290834,0.011294325497235797
81,2107.0,-0.023902234732439288,2.4230751033889986,0.75,1.4495079239171658,1.6826936724582824,-1.8173063275417176,2.4230751033889986,1.8173063275417185,1.466088473415661,0.011309378526021822
82,2108.0,-0.02393541162624916,2.423400367053801,0.75,1.4494830412468085,1.6824497247096808,-1.8175502752903192,2.423400367053801,1.8175502752903192,1.466083594460689,0.01132306048345564
83,2109.0,-0.02396556646636546,2.4236960027412153,0.75,1.4494604251167211,1.68222799794412,-1.81777200205588,2.4236960027412153,1.8177720020558805,1.4660791599253777,0.011335496242578395
84,2110.0,-0.023992974528966215,2.423964709237301,0.75,1.4494398690697705,1.6820264680720562,-1.8179735319279438,2.423964709237301,1.8179735319279438,1.4660751293279364,0.011346799304747522
85,2111.0,-0.024017886015567695,2.4242089394981003,0.75,1.4494211854548196,1.681843295376458,-1.818156704623542,2.4242089394981003,1.8181567046235418,1.4660714658740246,0.011357072834971699
86,2112.0,-0.024040528337053,2.424430923042074,0.75,1.4494042037137056,1.681676807718478,-1.818323192281522,2.424430923042074,1.8183231922815217,1.466068136120865,0.011366410603023673
87,2113.0,-0.024061108189650533,2.424632686302834,0.75,1.4493887688242575,1.6815254852729082,-1.8184745147270918,2.424632686302834,1.8184745147270913,1.4660651096719535,0.011374897838901218
88,2114.0,-0.02407981344181344,2.4248160711279607,0.75,1.449374739885135,1.6813879466540633,-1.8186120533459367,2.4248160711279607,1.8186120533459373,1.4660623588995767,0.011382612010424504
89,2115.0,-0.024096814849224872,2.4249827515927787,0.75,1.4493619888295766,1.6812629363054505,-1.8187370636945495,2.4249827515927787,1.8187370636945488,1.4660598586926044,0.011389623530050496
90,2116.0,-0.024112267613584967,2.425134249282584,0.75,1.4493503992563066,1.6811493130380974,-1.8188506869619026,2.425134249282584,1.8188506869619019,1.4660575862272573,0.01139599639734815
91,2117.0,-0.024126312799409293,2.425271947182823,0.75,1.4493398653669383,1.681046039612919,-1.818953960387081,2.425271947182823,1.8189539603870806,1.4660555207587538,0.011401788782981677
92,2118.0,-0.024139078621772392,2.4253971023040295,0.75,1.449330291000166,1.6809521732720143,-1.8190478267279857,2.4253971023040295,1.819047826727985,1.4660536434319356,0.011407053559528228
93,2119.0,-0.02415068161675192,2.4255108571567696,0.75,1.4493215887539312,1.6808668571324592,-1.8191331428675408,2.4255108571567696,1.8191331428675408,1.4660519371091445,0.011411838783967797
94,2120.0,-0.024161227705258068,2.4256142501813396,0.75,1.4493136791875518,1.6807893123640318,-1.8192106876359682,2.4256142501813396,1.8192106876359677,1.466050386213776,0.011416188136240216
95,2121.0,-0.024170813159959694,2.4257082252274342,0.75,1.4493064900965256,1.6807188310794616,-1.8192811689205384,2.4257082252274342,1.8192811689205381,1.4660489765880846,0.01142014131787304
96,2122.0,-0.024179525484134046,2.42579364017032,0.75,1.4492999558533948,1.6806547698722978,-1.8193452301277022,2.42579364017032,1.819345230127702,1.4660476953639414,0.011423734414308447
97,2123.0,-0.024187444210462813,2.4258712747421707,0.75,1.4492940168086481,1.6805965439434103,-1.8194034560565897,2.4258712747421707,1.8194034560565893,1.4660465308453636,0.011427000224239503
98,2124.0,-0.024194641627066582,2.425941837650051,0.75,1.4492886187461953,1.6805436217625007,-1.8194563782374993,2.425941837650051,1.8194563782374988,1.4660454724017453,0.011429968558954822
99,2125.0,-0.024201183437405453,2.4260059730455303,0.75,1.4492837123884412,1.6804955202158915,-1.8195044797841085,2.4260059730455303,1.8195044797841078,1.4660445103708133,0.011432666514424369
100,2126.0,-0.024207129360069895,2.426064266404986,0.75,1.4492792529464429,1.6804518001963005,-1.8195481998036995,2.426064266404986,1.8195481998037,1.4660436359704214,0.011435118718605978
101,2127.0,-0.024212533673937178,2.426117249874273,0.75,1.4492751997110425,1.680412062594336,-1.819587937405664,2.426117249874273,1.8195879374056645,1.4660428412183821,0.011437347556231447
102,2128.0,-0.024217445713670016,2.4261654071265553,0.75,1.4492715156812428,1.6803759446551245,-1.8196240553448755,2.4261654071265553,1.8196240553448746,1.4660421188595978,0.011439373373120057
103,2129.0,-0.024221910320080656,2.4262091777776402,0.75,1.4492681672264347,1.6803431166668112,-1.8196568833331888,2.4262091777776402,1.819656883333188,1.4660414622998317,0.011441214661885557
104,2130.0,-0.02422596824947171,2.4262489613991214,0.75,1.4492651237793914,1.6803132789507012,-1.8196867210492988,2.4262489613991214,1.8196867210492993,1.4660408655455093,0.011442888230728579
105,2131.0,-0.024229656545690512,2.4262851211659724,0.75,1.4492623575572274,1.6802861591255636,-1.8197138408744364,2.4262851211659724,1.8197138408744369,1.4660403231490067,0.011444409356859107
106,2132.0,-0.024233008878293345,2.426317987171883,0.75,1.4492598433077752,1.6802615096211315,-1.8197384903788685,2.426317987171883,1.8197384903788691,1.466039830158918,0.011445791925942243
107,2133.0,-0.02423605584990661,2.426347859442601,0.75,1.4492575580790654,1.6802391054180934,-1.8197608945819066,2.426347859442601,1.819760894581906,1.4660393820748572,0.011447048558846193
108,2134.0,-0.024238825275590747,2.426375010674798,0.75,1.4492554810098022,1.6802187419939456,-1.8197812580060544,2.426375010674798,1.8197812580060546,1.4660389748063742,0.011448190726845262
109,2135.0,-0.024241342436757123,2.4263996887254486,0.75,1.4492535931389274,1.680200233455958,-1.819799766544042,2.4263996887254486,1.8197997665440422,1.4660386046356144,0.011449228856329414
110,2136.0,-0.024243630311955866,2.4264221188744557,0.75,1.4492518772325285,1.680183410844203,-1.819816589155797,2.4264221188744557,1.8198165891557974,1.4660382681833795,0.011450172423978817
111,2137.0,-0.024245709786641458,2.426442505881177,0.75,1.4492503176265141,1.6801681205891623,-1.8198318794108377,2.426442505881177,1.8198318794108381,1.4660379623782787,0.011451030043267632
112,2138.0,-0.024247599843830934,2.426461035853623,0.75,1.4492489000836222,1.6801542231098288,-1.8198457768901712,2.426461035853623,1.8198457768901708,1.466037684428692,0.011451809543089827
113,2139.0,-0.02424931773739523,2.4264778779473906,0.75,1.449247611663449,1.6801415915395035,-1.8198584084604965,2.4264778779473906,1.8198584084604974,1.4660374317972855,0.01145251803922436
114,2140.0,-0.024250879149565554,2.4264931859098446,0.75,1.449246440604321,1.6801301105676634,-1.8198698894323366,2.4264931859098446,1.8198698894323364,1.4660372021778487,0.011453161999289243
115,2141.0,-0.024252298334092637,2.4265070994836395,0.75,1.4492453762159259,1.680119675387318,-1.819880324612682,2.4265070994836395,1.819880324612683,1.4660369934742417,0.011453747301780365
116,2142.0,-0.024253588246365768,2.4265197456823957,0.75,1.449244408781721,1.680110190738251,-1.819889809261749,2.4265197456823957,1.819889809261749,1.4660368037812603,0.011454279289733946
117,2143.0,-0.024254760661679368,2.4265312399501764,0.75,1.4492435294702357,1.680101570037416,-1.819898429962584,2.4265312399501764,1.8198984299625849,1.4660366313672437,0.011454762819498273
118,2144.0,-0.024255826282726777,2.426541687215347,0.75,1.4492427302544502,1.6800937345885385,-1.8199062654114615,2.426541687215347,1.8199062654114613,1.4660364746582661,0.011455202305065849
119,2145.0,-0.02425679483730254,2.426551182848443,0.75,1.4492420038385183,1.6800866128637173,-1.8199133871362827,2.426551182848443,1.8199133871362818,1.4660363322237697,0.01145560175836624
120,2146.0,-0.02425767516710507,2.4265598135327817,0.75,1.4492413435911664,1.6800801398504641,-1.8199198601495359,2.4265598135327817,1.819919860149536,1.4660362027635045,0.011455964825888698
121,2147.0,-0.024258475308450336,2.426567658055775,0.75,1.4492407434851575,1.6800742564582203,-1.8199257435417797,2.426567658055775,1.8199257435417806,1.4660360850956597,0.011456294821969758
122,2148.0,-0.02425920256563346,2.4265747880281587,0.75,1.4492401980422702,1.6800689089789331,-1.8199310910210669,2.4265747880281587,1.8199310910210666,1.4660359781460741,0.011456594759047844
123,2149.0,-0.024259863577607826,2.4265812685377117,0.75,1.4492397022832895,1.6800640485967695,-1.8199359514032305,2.4265812685377117,1.819935951403231,1.4660358809384308,0.011456867375162676
124,2150.0,-0.024260464378590467,2.426587158743424,0.75,1.4492392516825525,1.680059630942486,-1.819940369057514,2.426587158743424,1.8199403690575142,1.466035792585345,0.011457115158949833
125,2151.0,-0.024261010453146967,2.4265925124155463,0.75,1.4492388421266351,1.6800556156883948,-1.8199443843116052,2.4265925124155463,1.8199443843116043,1.4660357122802632,0.011457340372358543
126,2152.0,-0.024261506786258717,2.426597378426446,0.75,1.4492384698768013,1.6800519661802205,-1.8199480338197795,2.426597378426446,1.819948033819779,1.4660356392900997,0.011457545071300018
127,2153.0,-0.024261957908829592,2.4266018011967487,0.75,1.449238131534873,1.680048649102494,-1.819951350897506,2.4266018011967487,1.8199513508975063,1.4660355729485453,0.011457731124415073
128,2154.0,-0.02426236793904748,2.426605821100846,0.75,1.4492378240122097,1.6800456341744217,-1.8199543658255783,2.426605821100846,1.8199543658255788,1.4660355126499838,0.011457900230132106
129,2155.0,-0.02426274061997819,2.4266094748354607,0.75,1.4492375445015115,1.6800428938734613,-1.8199571061265387,2.4266094748354607,1.8199571061265392,1.4660354578439645,0.01145805393217223
130,2156.0,-0.024263079353735017,2.4266127957546453,0.75,1.449237290451194,1.6800404031840737,-1.8199595968159263,2.4266127957546453,1.8199595968159272,1.4660354080301767,0.011458193633640307
131,2157.0,-0.024263387232535776,2.4266158141742604,0.75,1.4492370595420934,1.6800381393693629,-1.8199618606306371,2.4266158141742604,1.819961860630638,1.4660353627538827,0.011458320609834712
132,2158.0,-0.024263667066930922,2.4266185576487227,0.75,1.449236849666297,1.680036081763517,-1.819963918236483,2.4266185576487227,1.8199639182364837,1.4660353216017656,0.01145843601988719
133,2159.0,-0.02426392141146037,2.426621051222541,0.75,1.4492366589079,1.680034211583154,-1.819965788416846,2.426621051222541,1.8199657884168463,1.4660352841981585,0.011458540917346669
134,2160.0,-0.024264152587973275,2.4266233176589416,0.75,1.4492364855255153,1.680032511755854,-1.819967488244146,2.4266233176589416,1.8199674882441457,1.4660352502016125,0.011458636259794569
135,2161.0,-0.024264362706823618,2.4266253776476705,0.75,1.4492363279363776,1.680030966764308,-1.819969033235692,2.4266253776476705,1.819969033235692,1.4660352193017816,0.011458722917587693
136,2162.0,-0.02426455368613512,2.4266272499938615,0.75,1.449236184701894,1.6800295625046657,-1.8199704374953343,2.4266272499938615,1.8199704374953338,1.4660351912165888,0.011458801681802838
137,2163.0,-0.024264727269311313,2.4266289517897066,0.75,1.4492360545145118,1.6800282861577824,-1.8199717138422176,2.4266289517897066,1.819971713842218,1.466035165689651,0.011458873271458465
138,2164.0,-0.024264885040950666,2.4266304985704843,0.75,1.4492359361857823,1.6800271260721997,-1.8199728739278003,2.4266304985704843,1.8199728739277994,1.4660351424879394,0.011458938340078259
139,2165.0,-0.024265028441311978,2.426631904456379,0.75,1.4492358286355114,1.680026071657779,-1.819973928342221,2.426631904456379,1.8199739283422218,1.466035121399651,0.011458997481657199
140,2166.0,-0.02426515877946216,2.4266331822813805,0.75,1.4492357308818986,1.6800251132890283,-1.8199748867109717,2.4266331822813805,1.8199748867109715,1.466035102232276,0.011459051236084034
141,2167.0,-0.024265277245226386,2.4266343437104414,0.75,1.4492356420325754,1.6800242422172333,-1.8199757577827667,2.4266343437104414,1.8199757577827675,1.46603508481084,0.011459100094069256
142,2168.0,-0.02426538492004971,2.426635399345964,0.75,1.449235561276458,1.680023450490592,-1.819976549509408,2.426635399345964,1.8199765495094073,1.466035068976307,0.011459144501624852
143,2169.0,-0.024265482786869328,2.426636358824587,0.75,1.4492354878763434,1.680022730881625,-1.819977269118375,2.426636358824587,1.8199772691183753,1.4660350545841279,0.011459184864136855
144,2170.0,-0.024265571739087555,2.426637230905158,0.75,1.4492354211621796,1.6800220768211973,-1.8199779231788027,2.426637230905158,1.8199779231788025,1.4660350415029193,0.011459221550064307
145,2171.0,-0.024265652588727486,2.426638023548687,0.75,1.4492353605249497,1.6800214823385515,-1.8199785176614485,2.426638023548687,1.8199785176614487,1.4660350296132665,0.011459254894303881
146,2172.0,-0.02426572607384576,2.426638743991023,0.75,1.449235305411111,1.6800209420068002,-1.8199790579931998,2.426638743991023,1.8199790579931996,1.4660350188066313,0.011459285201246826
147,2173.0,-0.024265792865270093,2.4266393988089088,0.75,1.4492352553175427,1.6800204508933867,-1.8199795491066133,2.4266393988089088,1.8199795491066126,1.466035008984363,0.011459312747557642
148,2174.0,-0.024265853572723102,2.4266399939800167,0.75,1.449235209786953,1.6800200045150564,-1.8199799954849436,2.4266399939800167,1.8199799954849443,1.4660350000567965,0.01145933778470004
149,2175.0,-0.02426590875038831,2.426640534937519,0.75,1.4492351684037041,1.6800195987969304,-1.8199804012030696,2.426640534937519,1.81998040120307,1.466034991942434,0.01145936054123158
